letter	pfCode	form	formName	cell	code	sacChar	sacCode	sacTextCount	tier
ء	FE80	0	ISO	99	83	⭒	83	0	1
آ	FE81	0	ISO	104	88	®	88	0	1
آ	FE82	1	FIN	105	89	▴	89	0	1
أ	FE83	0	ISO	106	8A	▾	8A	0	1
أ	FE84	1	FIN	108	8C	◂	8C	0	1
ؤ	FE85	0	ISO	148	B4	Æ	B4	0	1
ؤ	FE86	1	FIN	149	B5	æ	B5	0	1
إ	FE87	0	ISO	150	B6	ß	B6	0	1
إ	FE88	1	FIN	152	B8	á	B8	0	1
ئ	FE89	0	ISO	153	B9	â	B9	0	1
ئ	FE8A	1	FIN	154	BA	ä	BA	0	1
ئ	FE8B	2	INI	155	BB	è	BB	0	1
ئ	FE8C	3	MED	157	BD	ê	BD	0	1
ا	FE8D	0	ISO	158	BE	ë	BE	0	1
ا	FE8E	1	FIN	159	BF	ì	BF	0	1
ب	FE8F	0	ISO	160	C0	í	C0	0	1
ب	FE90	1	FIN	161	C1	î	C1	0	1
ب	FE91	2	INI	163	C3	ñ	C3	0	1
ب	FE92	3	MED	164	C4	ò	C4	0	1
ة	FE93	0	ISO	165	C5	ó	C5	0	1
ة	FE94	1	FIN	166	C6	ô	C6	0	1
ت	FE95	0	ISO	167	C7	ö	C7	0	1
ت	FE96	1	FIN	168	C8	ù	C8	0	1
ت	FE97	2	INI	169	C9	ú	C9	0	1
ت	FE98	3	MED	170	CA	û	CA	0	1
ث	FE99	0	ISO	176	D0	À	D0	0	1
ث	FE9A	1	FIN	177	D1	Á	D1	0	1
ث	FE9B	2	INI	178	D2	Â	D2	0	1
ث	FE9C	3	MED	179	D3	Ä	D3	0	1
ج	FE9D	0	ISO	180	D4	È	D4	0	1
ج	FE9E	1	FIN	181	D5	É	D5	0	1
ج	FE9F	2	INI	182	D6	Ê	D6	0	1
ج	FEA0	3	MED	183	D7	Ë	D7	0	1
ح	FEA1	0	ISO	184	D8	Ì	D8	0	1
ح	FEA2	1	FIN	185	D9	Í	D9	0	1
ح	FEA3	2	INI	186	DA	Î	DA	0	1
ح	FEA4	3	MED	187	DB	Ï	DB	0	1
خ	FEA5	0	ISO	188	DC	Ñ	DC	0	1
خ	FEA6	1	FIN	189	DD	Ò	DD	0	1
خ	FEA7	2	INI	190	DE	Ó	DE	0	1
خ	FEA8	3	MED	191	DF	Ô	DF	0	1
د	FEA9	0	ISO	192	E0	Ö	E0	0	1
د	FEAA	1	FIN	193	E1	Ù	E1	0	1
ذ	FEAB	0	ISO	194	E2	Ú	E2	0	1
ذ	FEAC	1	FIN	195	E3	Û	E3	0	1
ر	FEAD	0	ISO	196	E4	Ü	E4	0	1
ر	FEAE	1	FIN	197	E5	¡	E5	0	1
ز	FEAF	0	ISO	198	E6	¿	E6	0	1
ز	FEB0	1	FIN	199	E7	Ç	E7	0	1
س	FEB1	0	ISO	200	E8	ç	E8	0	1
س	FEB2	1	FIN	96	80	β	80	1	1
س	FEB3	2	INI	97	81	γ	81	1	1
س	FEB4	3	MED	171	CB	ü	CB	1	1
ش	FEB5	0	ISO	212	F4	△	F4	1	1
ش	FEB6	1	FIN	214	F6	○	F6	1	1
ش	FEB7	2	INI	201	E9	‛	E9	2	1
ش	FEB8	3	MED	202	EA	’	EA	2	1
ص	FEB9	0	ISO	203	EB	`	EB	2	1
ص	FEBA	1	FIN	216	F8	♫	F8	2	1
ص	FEBB	2	INI	217	F9	→	F9	2	1
ص	FEBC	3	MED	218	FA	←	FA	2	1
ض	FEBD	0	ISO	219	FB	↑	FB	2	1
ض	FEBE	1	FIN	220	FC	↓	FC	2	1
ض	FEBF	2	INI	221	FD	・	FD	2	1
ض	FEC0	3	MED	222	FE	❤	FE	2	1
ط	FEC1	0	ISO	95	7F	α	7F	3	1
ط	FEC2	1	FIN	215	F7	♪	F7	3	1
ط	FEC3	2	INI	151	B7	à	B7	4	1
ط	FEC4	3	MED	102	86	&	86	6	1
ظ	FEC5	0	ISO	98	82	⭑	82	11	1
ظ	FEC6	1	FIN	162	C2	ï	C2	20	1
ظ	FEC7	2	INI	103	87	#	87	27	1
ظ	FEC8	3	MED	156	BC	é	BC	53	1
ع	FEC9	0	ISO	138	AA	q	AA	305	2
ع	FECA	1	FIN	131	A3	j	A3	731	2
ع	FECB	2	INI	147	B3	z	B3	949	2
ع	FECC	3	MED	145	B1	x	B1	979	2
غ	FECD	0	ISO	143	AF	v	AF	4668	2
غ	FECE	1	FIN	132	A4	k	A4	6627	2
غ	FECF	2	INI	123	9B	b	9B	8269	2
غ	FED0	3	MED	137	A9	p	A9	8984	2
ف	FED1	0	ISO	127	9F	f	9F	10354	2
ف	FED2	1	FIN	144	B0	w	B0	11669	2
ف	FED3	2	INI	146	B2	y	B2	12429	2
ف	FED4	3	MED	124	9C	c	9C	12815	2
ق	FED5	0	ISO	128	A0	g	A0	13370	2
ق	FED6	1	FIN	134	A6	m	A6	15143	2
ق	FED7	2	INI	142	AE	u	AE	18567	2
ق	FED8	3	MED	125	9D	d	9D	19656	2
ك	FED9	0	ISO	133	A5	l	A5	23946	2
ك	FEDA	1	FIN	129	A1	h	A1	30957	2
ك	FEDB	2	INI	139	AB	r	AB	33734	2
ك	FEDC	3	MED	130	A2	i	A2	34737	2
ل	FEDD	0	ISO	140	AC	s	AC	36013	2
ل	FEDE	1	FIN	135	A7	n	A7	36548	2
ل	FEDF	2	INI	122	9A	a	9A	45791	2
ل	FEE0	3	MED	136	A8	o	A8	47036	2
م	FEE1	0	ISO	141	AD	t	AD	51866	2
م	FEE2	1	FIN	126	9E	e	9E	74152	2
م	FEE3	2	INI	39	47	Z	47	57	3
م	FEE4	3	MED	30	3E	Q	3E	71	3
ن	FEE5	0	ISO	37	45	X	45	172	3
ن	FEE6	1	FIN	35	43	V	43	200	3
ن	FEE7	2	INI	23	37	J	37	546	3
ن	FEE8	3	MED	18	32	E	32	663	3
ه	FEE9	0	ISO	34	42	U	42	698	3
ه	FEEA	1	FIN	24	38	K	38	719	3
ه	FEEB	2	INI	19	33	F	33	843	3
ه	FEEC	3	MED	27	3B	N	3B	1102	3
و	FEED	0	ISO	25	39	L	39	1188	3
و	FEEE	1	FIN	38	46	Y	46	1246	3
ى	FEEF	0	ISO	28	3C	O	3C	1284	3
ى	FEF0	1	FIN	15	2F	B	2F	1421	3
ي	FEF1	0	ISO	20	34	G	34	1424	3
ي	FEF2	1	FIN	31	3F	R	3F	1513	3
ي	FEF3	2	INI	17	31	D	31	1532	3
ي	FEF4	3	MED	16	30	C	30	1829	3
