code	cell	col	row	kind	char	charCode	textCount	rawCount	inkPx	verdict
00	-32	-	-	End			0	22336	-	COMMAND
01	-31	-	-	PrintText	 	0020	0	114338	-	COMMAND
02	-30	-	-	PrintText	
	000A	0	15972	-	COMMAND
03	-29	-	-	Reset			0	851	-	COMMAND
04	-28	-	-	Theme			0	210	-	COMMAND
05	-27	-	-	Unknown05			0	611	-	COMMAND
06	-26	-	-	Unknown06			0	904	-	COMMAND
07	-25	-	-	Color			0	791	-	COMMAND
08	-24	-	-	Unknown08			0	1423	-	COMMAND
09	-23	-	-	PrintIcon			0	742	-	COMMAND
0A	-22	-	-	TextScale			0	399	-	COMMAND
0B	-21	-	-	TextWidth			0	428	-	COMMAND
0C	-20	-	-	LineSpacing			0	10	-	COMMAND
0D	-19	-	-	Unknown0d			0	37	-	COMMAND
0E	-18	-	-	Unknown0e			0	410	-	COMMAND
0F	-17	-	-	Unknown0f			0	71	-	COMMAND
10	-16	-	-	Clear			0	3272	-	COMMAND
11	-15	-	-	Position			0	10	-	COMMAND
12	-14	-	-	Unknown12			0	17	-	COMMAND
13	-13	-	-	Unknown13			0	1559	-	COMMAND
14	-12	-	-	Delay			0	2244	-	COMMAND
15	-11	-	-	CharDelay			0	195	-	COMMAND
16	-10	-	-	Unknown16			0	8	-	COMMAND
17	-9	-	-	DelayAndFade			0	103	-	COMMAND
18	-8	-	-	Unknown18			0	51	-	COMMAND
19	-7	-	-	PrintText	?	003F	0	81	-	COMMAND
1A	-6	-	-	PrintText	?	003F	0	11	-	COMMAND
1B	-5	-	-	PrintText	?	003F	0	9	-	COMMAND
1C	-4	-	-	PrintText	?	003F	0	19	-	COMMAND
1D	-3	-	-	PrintText	?	003F	0	14	-	COMMAND
1E	-2	-	-	PrintText	?	003F	0	67	-	COMMAND
1F	-1	-	-	PrintText	?	003F	0	11	-	COMMAND
20	0	0	0	PrintText	⬛	2B1B	0	14	144	GLYPH
21	1	1	0	PrintText	０	FF10	6	9	54	GLYPH
22	2	2	0	PrintText	１	FF11	24	43	26	GLYPH
23	3	3	0	PrintText	２	FF12	28	46	50	GLYPH
24	4	4	0	PrintText	３	FF13	23	40	48	GLYPH
25	5	5	0	PrintText	４	FF14	8	14	51	GLYPH
26	6	6	0	PrintText	５	FF15	5	17	48	GLYPH
27	7	7	0	PrintText	６	FF16	7	21	52	GLYPH
28	8	8	0	PrintText	７	FF17	5	67	34	GLYPH
29	9	9	0	PrintText	８	FF18	4	12	63	GLYPH
2A	10	10	0	PrintText	９	FF19	4	29	56	GLYPH
2B	11	11	0	PrintText	+	002B	20	27	40	GLYPH
2C	12	12	0	PrintText	−	2212	0	83	12	GLYPH
2D	13	13	0	PrintText	ₓ	2093	1146	1185	48	GLYPH
2E	14	14	0	PrintText	A	0041	2827	2840	50	GLYPH
2F	15	15	0	PrintText	B	0042	1421	1434	59	GLYPH
30	16	16	0	PrintText	C	0043	1829	1867	38	GLYPH
31	17	17	0	PrintText	D	0044	1532	1551	53	GLYPH
32	18	18	0	PrintText	E	0045	663	742	45	GLYPH
33	19	19	0	PrintText	F	0046	843	945	37	GLYPH
34	20	20	0	PrintText	G	0047	1424	1437	49	GLYPH
35	21	21	0	PrintText	H	0048	2597	2609	46	GLYPH
36	22	22	0	PrintText	I	0049	4134	4173	36	GLYPH
37	23	23	0	PrintText	J	004A	546	575	28	GLYPH
38	24	24	0	PrintText	K	004B	719	735	55	GLYPH
39	25	25	0	PrintText	L	004C	1188	1232	33	GLYPH
3A	26	26	0	PrintText	M	004D	1861	1869	75	GLYPH
3B	27	27	0	PrintText	N	004E	1102	1117	60	GLYPH
3C	28	0	1	PrintText	O	004F	1284	1481	50	GLYPH
3D	29	1	1	PrintText	P	0050	2118	2127	47	GLYPH
3E	30	2	1	PrintText	Q	0051	71	81	54	GLYPH
3F	31	3	1	PrintText	R	0052	1513	1530	53	GLYPH
40	32	4	1	PrintText	S	0053	4074	4184	42	GLYPH
41	33	5	1	PrintText	T	0054	3788	3808	22	GLYPH
42	34	6	1	PrintText	U	0055	698	736	46	GLYPH
43	35	7	1	PrintText	V	0056	200	208	48	GLYPH
44	36	8	1	PrintText	W	0057	2517	2523	90	GLYPH
45	37	9	1	PrintText	X	0058	172	190	48	GLYPH
46	38	10	1	PrintText	Y	0059	1246	1360	34	GLYPH
47	39	11	1	PrintText	Z	005A	57	65	40	GLYPH
48	40	12	1	PrintText	!	0021	5150	5177	12	GLYPH
49	41	13	1	PrintText	?	003F	2515	2521	40	GLYPH
4A	42	14	1	PrintText	%	0025	44	108	70	GLYPH
4B	43	15	1	PrintText	/	002F	170	202	30	GLYPH
4C	44	16	1	PrintText	※	203B	33	49	89	GLYPH
4D	45	17	1	PrintText	、	3001	0	14	11	GLYPH
4E	46	18	1	PrintText	。	3002	0	27	15	GLYPH
4F	47	19	1	PrintText	.	002E	14956	14968	8	GLYPH
50	48	20	1	PrintText	,	002C	5957	6120	13	GLYPH
51	49	21	1	PrintText	;	003B	13	24	21	GLYPH
52	50	22	1	PrintText	:	003A	710	730	16	GLYPH
53	51	23	1	PrintText	…	2026	0	10	36	GLYPH
54	52	24	1	PrintComplex	-	002D	0	81	10	GLYPH
55	53	25	1	PrintText	–	2013	84	109	14	GLYPH
56	54	26	1	PrintText	〜	301C	10	22	32	GLYPH
57	55	27	1	PrintComplex	'	0027	0	5	10	GLYPH
58	56	0	2	Unsupported			0	14	89	FORBIDDEN
59	57	1	2	Unsupported			0	11	89	FORBIDDEN
5A	58	2	2	PrintText	(	0028	77	243	32	GLYPH
5B	59	3	2	PrintText	)	0029	77	82	34	GLYPH
5C	60	4	2	PrintText	「	300C	0	11	17	GLYPH
5D	61	5	2	PrintText	」	300D	0	14	17	GLYPH
5E	62	6	2	PrintText	『	300E	0	69	45	GLYPH
5F	63	7	2	PrintText	』	300F	0	66	50	GLYPH
60	64	8	2	PrintText	“	201C	0	21	10	GLYPH
61	65	9	2	PrintText	”	201D	0	12	10	GLYPH
62	66	10	2	PrintText	[	005B	0	13	25	GLYPH
63	67	11	2	PrintText	]	005D	0	10	32	GLYPH
64	68	12	2	PrintText	<	003C	2	379	28	GLYPH
65	69	13	2	PrintText	>	003E	2	5	28	GLYPH
66	70	14	2	PrintText	-	002D	1449	1468	10	GLYPH
67	71	15	2	PrintComplex	–	2013	0	8	14	GLYPH
68	72	16	2	PrintText	⤷	2937	64	100	89	GLYPH
69	73	17	2	PrintText	♩	2669	3	28	40	GLYPH
6A	74	18	2	PrintText	⇾	21FE	6	18	89	GLYPH
6B	75	19	2	PrintText	⇽	21FD	6	17	89	GLYPH
6C	76	20	2	PrintText	◯	25EF	9	36	64	GLYPH
6D	77	21	2	PrintText	✕	2715	3	14	40	GLYPH
6E	78	22	2	Unsupported			0	46	89	FORBIDDEN
6F	79	23	2	Unsupported			0	12	89	FORBIDDEN
70	80	24	2	Unsupported			0	7	89	FORBIDDEN
71	81	25	2	Unsupported			0	5	89	FORBIDDEN
72	82	26	2	Unsupported			0	66	0	FORBIDDEN
73	83	27	2	Tabulation			0	46	0	FORBIDDEN
74	84	0	3	PrintComplex	I	0049	4	18	22	GLYPH
75	85	1	3	PrintComplex	II		10	19	50	GLYPH
76	86	2	3	PrintComplex	III		5	17	98	GLYPH
77	87	3	3	PrintComplex	IV		2	13	77	GLYPH
78	88	4	3	PrintComplex	V	0056	2	137	56	GLYPH
79	89	5	3	PrintComplex	VI		2	6	81	GLYPH
7A	90	6	3	PrintComplex	VII		5	13	99	GLYPH
7B	91	7	3	PrintComplex	VIII		3	8	89	GLYPH
7C	92	8	3	PrintComplex	IX		4	34	81	GLYPH
7D	93	9	3	PrintComplex	X	0058	5	17	60	GLYPH
7E	94	10	3	PrintComplex	XIII		168	193	124	GLYPH
7F	95	11	3	PrintText	α	03B1	3	9	59	GLYPH
80	96	12	3	PrintText	β	03B2	1	1025	60	GLYPH
81	97	13	3	PrintText	γ	03B3	1	5	33	GLYPH
82	98	14	3	PrintText	⭑	2B51	11	71	56	GLYPH
83	99	15	3	PrintText	⭒	2B52	0	7	49	GLYPH
84	100	16	3	PrintComplex	XI		1	20	76	GLYPH
85	101	17	3	PrintComplex	XII		1	10	84	GLYPH
86	102	18	3	PrintText	&	0026	6	19	61	GLYPH
87	103	19	3	PrintText	#	0023	27	47	48	GLYPH
88	104	20	3	PrintText	®	00AE	0	3	59	GLYPH
89	105	21	3	PrintText	▴	25B4	0	6	35	GLYPH
8A	106	22	3	PrintText	▾	25BE	0	25	35	GLYPH
8B	107	23	3	PrintText	▸	25B8	14	20	51	GLYPH
8C	108	24	3	PrintText	◂	25C2	0	48	51	GLYPH
8D	109	25	3	PrintText	°	00B0	4	6	24	GLYPH
8E	110	26	3	PrintComplex	♪	266A	0	9	40	GLYPH
8F	111	27	3	Unsupported			0	5	89	FORBIDDEN
90	112	0	4	PrintText	0	0030	380	604	48	GLYPH
91	113	1	4	PrintText	1	0031	280	302	16	GLYPH
92	114	2	4	PrintText	2	0032	180	186	43	GLYPH
93	115	3	4	PrintText	3	0033	120	129	40	GLYPH
94	116	4	4	PrintText	4	0034	78	87	37	GLYPH
95	117	5	4	PrintText	5	0035	125	130	44	GLYPH
96	118	6	4	PrintText	6	0036	57	166	48	GLYPH
97	119	7	4	PrintText	7	0037	36	44	32	GLYPH
98	120	8	4	PrintText	8	0038	49	53	56	GLYPH
99	121	9	4	PrintText	9	0039	63	69	50	GLYPH
9A	122	10	4	PrintText	a	0061	45791	45803	39	GLYPH
9B	123	11	4	PrintText	b	0062	8269	8284	50	GLYPH
9C	124	12	4	PrintText	c	0063	12815	12839	26	GLYPH
9D	125	13	4	PrintText	d	0064	19656	19661	50	GLYPH
9E	126	14	4	PrintText	e	0065	74152	74158	39	GLYPH
9F	127	15	4	PrintText	f	0066	10354	10361	33	GLYPH
A0	128	16	4	PrintText	g	0067	13370	13438	45	GLYPH
A1	129	17	4	PrintText	h	0068	30957	30969	49	GLYPH
A2	130	18	4	PrintText	i	0069	34737	34763	12	GLYPH
A3	131	19	4	PrintText	j	006A	731	739	18	GLYPH
A4	132	20	4	PrintText	k	006B	6627	6643	44	GLYPH
A5	133	21	4	PrintText	l	006C	23946	23961	14	GLYPH
A6	134	22	4	PrintText	m	006D	15143	15151	53	GLYPH
A7	135	23	4	PrintText	n	006E	36548	36553	41	GLYPH
A8	136	24	4	PrintText	o	006F	47036	47049	40	GLYPH
A9	137	25	4	PrintText	p	0070	8984	8990	44	GLYPH
AA	138	26	4	PrintText	q	0071	305	367	44	GLYPH
AB	139	27	4	PrintText	r	0072	33734	33738	29	GLYPH
AC	140	0	5	PrintText	s	0073	36013	36021	34	GLYPH
AD	141	1	5	PrintText	t	0074	51866	51872	31	GLYPH
AE	142	2	5	PrintText	u	0075	18567	18587	41	GLYPH
AF	143	3	5	PrintText	v	0076	4668	4686	32	GLYPH
B0	144	4	5	PrintText	w	0077	11669	11675	53	GLYPH
B1	145	5	5	PrintText	x	0078	979	987	38	GLYPH
B2	146	6	5	PrintText	y	0079	12429	12433	36	GLYPH
B3	147	7	5	PrintText	z	007A	949	955	33	GLYPH
B4	148	8	5	PrintText	Æ	00C6	0	204	68	GLYPH
B5	149	9	5	PrintText	æ	00E6	0	3	53	GLYPH
B6	150	10	5	PrintText	ß	00DF	0	6	45	GLYPH
B7	151	11	5	PrintText	à	00E0	4	9	46	GLYPH
B8	152	12	5	PrintText	á	00E1	0	8	46	GLYPH
B9	153	13	5	PrintText	â	00E2	0	5	48	GLYPH
BA	154	14	5	PrintText	ä	00E4	0	10	45	GLYPH
BB	155	15	5	PrintText	è	00E8	0	6	46	GLYPH
BC	156	16	5	PrintText	é	00E9	53	55	46	GLYPH
BD	157	17	5	PrintText	ê	00EA	0	4	48	GLYPH
BE	158	18	5	PrintText	ë	00EB	0	36	45	GLYPH
BF	159	19	5	PrintText	ì	00EC	0	5	17	GLYPH
C0	160	20	5	PrintText	í	00ED	0	14	17	GLYPH
C1	161	21	5	PrintText	î	00EE	0	3	30	GLYPH
C2	162	22	5	PrintText	ï	00EF	20	29	32	GLYPH
C3	163	23	5	PrintText	ñ	00F1	0	12	53	GLYPH
C4	164	24	5	PrintText	ò	00F2	0	5	47	GLYPH
C5	165	25	5	PrintText	ó	00F3	0	5	47	GLYPH
C6	166	26	5	PrintText	ô	00F4	0	14	49	GLYPH
C7	167	27	5	PrintText	ö	00F6	0	3	46	GLYPH
C8	168	0	6	PrintText	ù	00F9	0	108	48	GLYPH
C9	169	1	6	PrintText	ú	00FA	0	1	48	GLYPH
CA	170	2	6	PrintText	û	00FB	0	4	50	GLYPH
CB	171	3	6	PrintText	ü	00FC	1	2	47	GLYPH
CC	172	4	6	PrintText	º	00BA	0	12	10	GLYPH
CD	173	5	6	PrintText	—	2014	0	5	18	GLYPH
CE	174	6	6	PrintText	»	00BB	0	5	44	GLYPH
CF	175	7	6	PrintText	«	00AB	0	6	44	GLYPH
D0	176	8	6	PrintText	À	00C0	0	8	57	GLYPH
D1	177	9	6	PrintText	Á	00C1	0	8	57	GLYPH
D2	178	10	6	PrintText	Â	00C2	0	45	61	GLYPH
D3	179	11	6	PrintText	Ä	00C4	0	9	59	GLYPH
D4	180	12	6	PrintText	È	00C8	0	2	52	GLYPH
D5	181	13	6	PrintText	É	00C9	0	2	52	GLYPH
D6	182	14	6	PrintText	Ê	00CA	0	6	56	GLYPH
D7	183	15	6	PrintText	Ë	00CB	0	10	54	GLYPH
D8	184	16	6	PrintText	Ì	00CC	0	15	43	GLYPH
D9	185	17	6	PrintText	Í	00CD	0	4	43	GLYPH
DA	186	18	6	PrintText	Î	00CE	0	72	46	GLYPH
DB	187	19	6	PrintText	Ï	00CF	0	54	48	GLYPH
DC	188	20	6	PrintText	Ñ	00D1	0	51	74	GLYPH
DD	189	21	6	PrintText	Ò	00D2	0	5	57	GLYPH
DE	190	22	6	PrintText	Ó	00D3	0	72	57	GLYPH
DF	191	23	6	PrintText	Ô	00D4	0	117	61	GLYPH
E0	192	24	6	PrintText	Ö	00D6	0	24	59	GLYPH
E1	193	25	6	PrintText	Ù	00D9	0	34	53	GLYPH
E2	194	26	6	PrintText	Ú	00DA	0	16	53	GLYPH
E3	195	27	6	PrintText	Û	00DB	0	20	57	GLYPH
E4	196	0	7	PrintText	Ü	00DC	0	9	55	GLYPH
E5	197	1	7	PrintText	¡	00A1	0	9	12	GLYPH
E6	198	2	7	PrintText	¿	00BF	0	51	32	GLYPH
E7	199	3	7	PrintText	Ç	00C7	0	10	43	GLYPH
E8	200	4	7	PrintText	ç	00E7	0	39	31	GLYPH
E9	201	5	7	PrintText	‛	201B	2	34	24	GLYPH
EA	202	6	7	PrintText	’	2019	2	12	24	GLYPH
EB	203	7	7	PrintText	`	0060	2	26	12	GLYPH
EC	204	8	7	PrintText	´	00B4	6057	6130	12	GLYPH
ED	205	9	7	PrintText	"	0022	536	544	18	GLYPH
EE	206	10	7	PrintText	'	0027	679	681	12	GLYPH
EF	207	11	7	PrintText	★	2605	2	7	57	GLYPH
F0	208	12	7	PrintText	☆	2606	2	800	49	GLYPH
F1	209	13	7	PrintText	■	25A0	2	2	91	GLYPH
F2	210	14	7	PrintText	□	25A1	2	6	55	GLYPH
F3	211	15	7	PrintText	▲	25B2	1	7	66	GLYPH
F4	212	16	7	PrintText	△	25B3	1	4	57	GLYPH
F5	213	17	7	PrintText	●	25CF	1	12	96	GLYPH
F6	214	18	7	PrintText	○	25CB	1	15	68	GLYPH
F7	215	19	7	PrintText	♪	266A	3	12	50	GLYPH
F8	216	20	7	PrintText	♫	266B	2	2	65	GLYPH
F9	217	21	7	PrintText	→	2192	2	3	26	GLYPH
FA	218	22	7	PrintText	←	2190	2	280	28	GLYPH
FB	219	23	7	PrintText	↑	2191	2	4	27	GLYPH
FC	220	24	7	PrintText	↓	2193	2	15	27	GLYPH
FD	221	25	7	PrintText	・	30FB	2	3	8	GLYPH
FE	222	26	7	PrintText	❤	2764	2	5	73	GLYPH
FF	223	27	7	Unsupported			0	159	89	FORBIDDEN
