bar,id,EN,AR,width_pct,flags
es,16180,You have arrived.,لقد وصلت.,78,
es,16181,I´ve been to see him...<14 78 00><10> <14 78 00><10>He looks a lot like you.,لقد ذهبت لرؤيته...<14 78 00><10> <14 78 00><10>يشبهك كثيرا.,106,
es,16182,Who are you?,من أنت?,77,
es,16183,I´m what´s left.<14 96 00><10><14 28 00><10>Or...<14 54 00><10>maybe I´m all there ever was.,أنا ما تبقى.<14 96 00><10><14 28 00><10>أو...<14 54 00><10>ربما أنا كل ما كان موجودا.,123,
es,16184,I meant your name.,أقصد اسمك.,80,
es,16185,My name is of no importance.<14 D8 00><10>What about you?<14 9C 00><10>Do you remember your true name?,اسمي لا أهمية له.<14 D8 00><10>وماذا عنك?<14 9C 00><10>هل تتذكر اسمك الحقيقي?,98,
es,16186,My true name...is...,اسمي الحقيقي... هو...,143,wide
es,16187,End of the road.,نهاية الطريق.,98,
es,16188,Yep.,أجل.,152,wide
es,16189,Put me down. I can walk.,أنزلني. أستطيع المشي.,112,
es,16190,"You know...<14 90 00><10>maybe the darkness has gotten to me, too.",أتعلم...<14 90 00><10>ربما وصل الظلام إلي أنا أيضا.,87,
es,16191,Riku!,ريكو!,150,wide
es,16192,This world is perfect for me.<14 D2 00><10>If this is what the world really is--<14 C6 00><10>just this--<14 A8 00><10>then maybe I should fade back into darkness.,هذا العالم مثالي لي.<14 D2 00><10>إن كان هذا هو العالم حقا--<14 C6 00><10>هذا فقط--<14 A8 00><10>فربما يجب أن أتلاشى عائدا إلى الظلام.,111,
es,16193,Riku...,ريكو...,135,wide
es,16194,If the world is made of light and darkness...<14 B4 00><10> <14 5A 00><10>We´ll be the darkness.,إن كان العالم مصنوعا من النور والظلام...<14 B4 00><10> <14 5A 00><10>فسنكون نحن الظلام.,121,
es,16195,"Yeah.<14 76 00><10>The other side...<14 8A 00><10>the realm of light is safe now.<14 90 00><10>Kairi, the King, and the others are there.",أجل.<14 76 00><10>الجانب الآخر...<14 8A 00><10>عالم النور آمن الآن.<14 90 00><10>كايري والملك والبقية هناك.,85,
es,16196,"That´s what I mean.<14 42 00><10> <14 6C 00><10>Hey, Sora...<14 A2 00><10>Could you help me? ⏎ I want to get down to the water.",هذا ما أقصده.<14 42 00><10> <14 6C 00><10>مهلا يا سورا...<14 A2 00><10>هل تساعدني? ⏎ أريد أن أصل إلى الماء.,88,
es,16197,At least the waves sound the same.,على الأقل صوت الأمواج هو نفسه.,125,
es,16198,What I said back there...<14 8B 00><10>about thinking I was better ⏎ at stuff than you...,ما قلته هناك...<14 8B 00><10>عن ظني أنني أفضل ⏎ منك في الأمور...,88,
es,16200,"To tell you the truth, Sora...<14 D2 00><10>I was jealous of you.",لأقول لك الحقيقة يا سورا...<14 D2 00><10>كنت أغار منك.,116,
es,16201,What for?,لماذا?,75,
es,16202,I wished I could live life the way you do. ⏎ Just following my heart.,تمنيت لو أعيش الحياة كما تعيشها أنت. ⏎ أتبع قلبي فقط.,118,
es,16203,"Yeah, well, I´ve got ⏎ my share of problems, too.","حسنا, لدي ⏎ نصيبي من المشاكل أيضا.",109,
es,16204,Like what?,مثل ماذا?,123,
es,16205,Like...wanting to be like you.,مثل... أن أكون مثلك.,97,
es,16206,"<14 8A 00><10>Well, there is one advantage to being me...<14 38 01><10>Something you could never imitate.","<14 8A 00><10>حسنا, هناك ميزة واحدة في كوني أنا...<14 38 01><10>شيء لا يمكنك تقليده أبدا.",117,
es,16207,Really? What´s that?,حقا? ما هو?,80,
es,16208,Having you for a friend.,أن يكون لي صديق مثلك.,129,
es,16209,Then I guess...<14 6B 00><10>I´m okay the way I am.<14 97 00><10>I´ve got something ⏎ you could never imitate too.,إذن أظن...<14 6B 00><10>أنني بخير كما أنا.<14 97 00><10>لدي أيضا شيء ⏎ لا يمكنك تقليده.,77,
es,16210,Sora?,سورا?,139,wide
es,16212,I think it´s for you.,أظنه لك.,53,
es,19629,"Thinking of you, wherever you are.<14 78 00><10> <14 56 00><10>We pray for our sorrows to end,<14 78 00><10> <14 47 00><10>and hope that our hearts will blend.","أفكر بك, أينما كنت.<14 78 00><10> <14 56 00><10>ندعو أن تنتهي أحزاننا,<14 78 00><10> <14 47 00><10>ونأمل أن تمتزج قلوبنا.",85,
es,19630,Now I will step forward ⏎ to realize this wish.<14 B4 00><10><14 4E 00><10>And who knows:,الآن سأتقدم ⏎ لتحقيق هذه الأمنية.<14 B4 00><10><14 4E 00><10>ومن يدري:,108,
es,19631,"Starting a new journey may not be so hard<14 B4 00><10><14 30 00><10>or maybe it´s already begun.<14 66 00><10><14 5F 00><10>There are many worlds,<14 54 00><10><14 36 00><10>but they share the same sky--<14 7E 00><10><14 3C 00><10>one sky,<14 38 00><10><14 36 00><10>one destiny.","بدء رحلة جديدة قد لا يكون صعبا<14 B4 00><10><14 30 00><10>أو ربما بدأت بالفعل.<14 66 00><10><14 5F 00><10>هناك عوالم كثيرة,<14 54 00><10><14 36 00><10>لكنها تتشارك السماء نفسها--<14 7E 00><10><14 3C 00><10>سماء واحدة,<14 38 00><10><14 36 00><10>ومصير واحد.",107,
es,19632,Light.,النور.,117,
es,19633,The door to light...,باب النور...,68,
es,19634,We´ll go together.,سنذهب معا.,93,
es,19635,Yeah.,أجل.,121,
es,19636,Sora! Riku!,سورا! ريكو!,141,wide
es,19637,W-We´re back.,ع-عدنا.,71,
es,19638,You´re home.,أنتما في البيت.,141,wide
es,19639,"Nothing´s changed, huh?","لم يتغير شيء, أليس كذلك?",139,wide
es,19640,Nope. Nothing will.,كلا. ولن يتغير.,97,
es,19641,What a small world.,يا له من عالم صغير.,130,
es,19642,But part of one that´s much bigger.,لكنه جزء من عالم أكبر بكثير.,105,
es,19643,Yeah.,أجل.,121,
es,19644,Hey Riku...what do you think it was-- ⏎ the door to the light?,مهلا ريكو... ما رأيك كان-- ⏎ باب النور?,89,
es,19645,This.,هذا.,115,
es,19646,This?,هذا?,118,
es,19647,Yeah. It´s always closer than you think.,أجل. إنه أقرب دائما مما تظن.,98,
es,19648,Sora! Riku!,سورا! ريكو!,141,wide
es,19649,"Hey, what's up?","مهلا, ما الأمر?",120,
es,19742,Look.,انظر.,119,
es,19743,From the King?,من الملك?,82,
