bar,id,AR_old,AR_new,type,severity,reason
sys,1430,سورا: ⏎ لا أظن أن بوه من ⏎ هذا الجانب.,سورا: ⏎ لا أظن أن بوه في ⏎ هذا الجانب.,phrasing,2,تصحيح حرف الجر الدال على المكان
sys,7675,لا يمكن استخدام هذا السحر ⏎ عند عدم اكتمال MP.,لا يمكن استخدام هذا السحر ⏎ عند عدم كفاية MP.,meaning,3,الشرط كفاية النقاط وليس اكتمالها
sys,13114,أمر ليميت يطلق ⏎ سحر دونالد القوي فلاير البط. ⏎ يستهلك كل MP لسورا.,أمر ليميت يطلق ⏎ سحر فلاير البط القوي لدونالد. ⏎ يستهلك كل MP لسورا.,phrasing,1,توضيح اسم السحر ونسبته لدونالد
sys,15114,"حقيبة مصنوعة يدويا. ⏎ تحتوي 5,000 من المال ⏎ مكتسبة بكدح.","حقيبة مصنوعة يدويا. ⏎ تحتوي 5,000 من المال ⏎ مكتسب بكدح.",grammar,2,مطابقة النعت للمال المذكر
sys,15130,حجر بحوزة آلهة أولمبوس. ⏎ يعمل حماية من ⏎ لعنة العالم السفلي.,حجر بحوزة آلهة أولمبوس. ⏎ يعمل كحماية من ⏎ لعنة العالم السفلي.,grammar,2,إكمال تركيب وظيفة الحجر
sys,15377,يستعيد الصحة أثناء استبدالك ⏎ بعضو فريق آخر بالتبديل.,يستعيد الصحة أثناء استبداله ⏎ بعضو فريق آخر بالتبديل.,meaning,2,القدرة تخص العضو البديل وليس المخاطب
sys,15321,يزيد الضرر عند استخدام ⏎ أوامر التفاعل بمقدار <07 F0 F0 00 80>50%<03>. ⏎ اجعل عدة منها لزيادة الأثر.,يزيد الضرر عند استخدام ⏎ أوامر التفاعل بمقدار <07 F0 F0 00 80>50%<03>. ⏎ جهز عدة منها لزيادة الأثر.,phrasing,2,توضيح أن الأثر يتطلب تجهيز القدرات
sys,15325,ينقص أقصى كومبو ⏎ أرضيا وفي الهواء بمقدار 1. ⏎ اجعل عدة منها لزيادة الأثر.,ينقص أقصى كومبو ⏎ أرضيا وفي الهواء بمقدار 1. ⏎ جهز عدة منها لزيادة الأثر.,phrasing,2,توضيح أن الأثر يتطلب تجهيز القدرات
sys,15331,يسمح باستعادة أكبر ⏎ لعداد الدرايف أثناء شحن MP. ⏎ اجعل عدة منها لزيادة الأثر.,يسمح باستعادة أكبر ⏎ لعداد الدرايف أثناء شحن MP. ⏎ جهز عدة منها لزيادة الأثر.,phrasing,2,توضيح أن الأثر يتطلب تجهيز القدرات
sys,15333,يزيد مدة كل شكل ⏎ درايف. ⏎ اجعل عدة منها لزيادة الأثر.,يزيد مدة كل شكل ⏎ درايف. ⏎ جهز عدة منها لزيادة الأثر.,phrasing,2,توضيح أن الأثر يتطلب تجهيز القدرات
sys,15339,يزيد الخبرة المكتسبة بمقدار <07 F0 F0 00 80>100%<03> ⏎ عندما تكون صحتك نصفا أو أقل. ⏎ اجعل عدة منها لزيادة الأثر.,يزيد الخبرة المكتسبة بمقدار <07 F0 F0 00 80>100%<03> ⏎ عندما تكون صحتك نصفا أو أقل. ⏎ جهز عدة منها لزيادة الأثر.,phrasing,2,توضيح أن الأثر يتطلب تجهيز القدرات
sys,15347,يجذب الكرات القريبة ويحصل عليها. ⏎ اجعل عدة منها لزيادة الأثر.,يجذب الكرات القريبة ويحصل عليها. ⏎ جهز عدة منها لزيادة الأثر.,phrasing,2,توضيح أن الأثر يتطلب تجهيز القدرات
sys,15353,يزيد ضرر هجمات فاير ⏎ بمقدار <07 F0 F0 00 80>20%<03>. ⏎ اجعل عدة منها لزيادة الأثر.,يزيد ضرر هجمات فاير ⏎ بمقدار <07 F0 F0 00 80>20%<03>. ⏎ جهز عدة منها لزيادة الأثر.,phrasing,2,توضيح أن الأثر يتطلب تجهيز القدرات
sys,15355,يزيد ضرر هجمات بليزارد ⏎ بمقدار <07 F0 F0 00 80>20%<03>. ⏎ اجعل عدة منها لزيادة الأثر.,يزيد ضرر هجمات بليزارد ⏎ بمقدار <07 F0 F0 00 80>20%<03>. ⏎ جهز عدة منها لزيادة الأثر.,phrasing,2,توضيح أن الأثر يتطلب تجهيز القدرات
sys,15357,يزيد ضرر هجمات ثاندر ⏎ بمقدار <07 F0 F0 00 80>20%<03>. ⏎ اجعل عدة منها لزيادة الأثر.,يزيد ضرر هجمات ثاندر ⏎ بمقدار <07 F0 F0 00 80>20%<03>. ⏎ جهز عدة منها لزيادة الأثر.,phrasing,2,توضيح أن الأثر يتطلب تجهيز القدرات
sys,15359,يزيد أثر أغراض العلاج ⏎ في الميدان بمقدار <07 F0 F0 00 80>50%<03>. ⏎ اجعل عدة منها لزيادة الأثر.,يزيد أثر أغراض العلاج ⏎ في الميدان بمقدار <07 F0 F0 00 80>50%<03>. ⏎ جهز عدة منها لزيادة الأثر.,phrasing,2,توضيح أن الأثر يتطلب تجهيز القدرات
sys,15361,يستعيد MP بحسب مقدار ⏎ الضرر المتلقى. ⏎ اجعل عدة منها لزيادة الأثر.,يستعيد MP بحسب مقدار ⏎ الضرر المتلقى. ⏎ جهز عدة منها لزيادة الأثر.,phrasing,2,توضيح أن الأثر يتطلب تجهيز القدرات
sys,15363,يزيد سرعة استعادة MP بمقدار ⏎ <07 F0 F0 00 80>25%<03> بعد استهلاك MP بالكامل. ⏎ اجعل عدة منها لزيادة الأثر.,يزيد سرعة استعادة MP بمقدار ⏎ <07 F0 F0 00 80>25%<03> بعد استهلاك MP بالكامل. ⏎ جهز عدة منها لزيادة الأثر.,phrasing,2,توضيح أن الأثر يتطلب تجهيز القدرات
sys,15365,يزيد الدفاع بمقدار <07 F0 F0 00 80>3<03> في الأزمات. ⏎ اجعل عدة منها لزيادة الأثر.,يزيد الدفاع بمقدار <07 F0 F0 00 80>3<03> في الأزمات. ⏎ جهز عدة منها لزيادة الأثر.,phrasing,2,توضيح أن الأثر يتطلب تجهيز القدرات
sys,15379,يزيد سرعة استعادة MP بمقدار <07 F0 F0 00 80>50%<03> ⏎ بعد استهلاك MP بالكامل. ⏎ اجعل عدة منها لزيادة الأثر.,يزيد سرعة استعادة MP بمقدار <07 F0 F0 00 80>50%<03> ⏎ بعد استهلاك MP بالكامل. ⏎ جهز عدة منها لزيادة الأثر.,phrasing,2,توضيح أن الأثر يتطلب تجهيز القدرات
sys,15381,يزيد سرعة استعادة MP بمقدار <07 F0 F0 00 80>75%<03> ⏎ بعد استهلاك MP بالكامل. ⏎ اجعل عدة منها لزيادة الأثر.,يزيد سرعة استعادة MP بمقدار <07 F0 F0 00 80>75%<03> ⏎ بعد استهلاك MP بالكامل. ⏎ جهز عدة منها لزيادة الأثر.,phrasing,2,توضيح أن الأثر يتطلب تجهيز القدرات
sys,16787,<0A 10><03>معلومات<0A 12> <07 FF 00 00 80><09 0A> ⏎  ⏎ يمكن الآن شراء <07 FF FF 00 80><0D><0D><03> ⏎ من المتاجر لإكمال المجموعة.,<0A 10><03>معلومات<0A 12> <07 FF 00 00 80><09 0A> ⏎  ⏎ يمكن الآن شراء <07 FF FF 00 80><0D><0D><03> ⏎ من المتاجر بعد إكمال المجموعة.,meaning,3,الإكمال سبب إتاحة الغرض وليس غايته
sys,19011,ميداليات العودة<0B 5A>,إعادة الميداليات<0B 5A>,meaning,3,أمر لإعادة الذهب وليس نوع ميدالية
sys,18480,سورا: ⏎ ليون سيعرف كل التفاصيل.,سورا: ⏎ لدى ليون كل التفاصيل.,meaning,2,ليون يملك المعلومات عند سؤاله
sys,20015,ينقص نصف الضرر المتلقى في اللحظات الحرجة. ⏎ أضف قطعتين لتسريع التأثير.,ينقص نصف الضرر المتلقى في اللحظات الحرجة. ⏎ جهز اثنتين لزيادة الأثر.,meaning,2,التجهيز يقوي الأثر ولا يزيد سرعته
sys,20011,يزيد معدل سقوط كرات الدرايف ⏎ بدلا من المال. ⏎ أضف المزيد لزيادة التأثير.,يزيد معدل سقوط كرات الدرايف ⏎ بدلا من المال. ⏎ جهز المزيد لزيادة التأثير.,phrasing,1,توضيح فعل تجهيز نسخ إضافية
sys,20492,يحمي <07 F0 F0 00 80>10%<03> من الضرر الموجه لمرتديه.,يصد <07 F0 F0 00 80>10%<03> من الضرر الموجه لمرتديه.,phrasing,2,القدرة تمنع الضرر ولا تحمي الضرر
sys,20494,يحمي <07 F0 F0 00 80>20%<03> من الضرر الموجه لمرتديه.,يصد <07 F0 F0 00 80>20%<03> من الضرر الموجه لمرتديه.,phrasing,2,القدرة تمنع الضرر ولا تحمي الضرر
sys,20496,يحمي <07 F0 F0 00 80>40%<03> من الضرر الموجه لمرتديه.,يصد <07 F0 F0 00 80>40%<03> من الضرر الموجه لمرتديه.,phrasing,2,القدرة تمنع الضرر ولا تحمي الضرر
sys,22009,⤷ الضغط على <09 DA> <03>بسرعة كبيرة<07 FF EC 19 80> أو <03>عدم الضغط<07 FF EC 19 80> ⏎     إطلاقا سيؤدي إلى <03>نتيجة منخفضة (سيئ<07 FF EC 19 80>)<03>.<07 FF EC 19 80>,⤷ الضغط على <09 DA> <03>مبكرا جدا<07 FF EC 19 80> أو <03>عدم الضغط<07 FF EC 19 80> ⏎     إطلاقا سيؤدي إلى <03>نتيجة منخفضة (سيئ<07 FF EC 19 80>)<03>.<07 FF EC 19 80>,meaning,2,العقوبة على الضغط المبكر وليس السريع
tt,12173,غالي جدا. سعر كل واحدة<13 D2 00 46 00><06 00><08 01 01 06> ⏎ نحو 2000 مال.,غال جدا. سعر كل واحدة<13 D2 00 46 00><06 00><08 01 01 06> ⏎ نحو 2000 مال.,grammar,1,حذف ياء المنقوص النكرة المرفوع
tt,13182,يمكننا أن نجد اللصوص الحقيقيين. ⏎ هذا سيصحح سجلنا.,يمكننا أن نجد اللصوص الحقيقيين. ⏎ هذا سيوضح الحقيقة.,meaning,2,المقصود كشف الحقيقة وليس تصحيح سجل
tt,13212,"ممل أن يشك<13 B2 00 7A 00><08 01 01 05> ⏎ الجميع بي, تعرف?","مزعج أن يشك<13 B2 00 7A 00><08 01 01 05> ⏎ الجميع بي, تعرف?",meaning,2,الموقف مزعج وليس مجرد ممل
tt,13229,"هذه حقيرة, تعرف!","فعلة حقيرة, تعرف!",phrasing,1,إكمال وصف الفعلة التي يعترض عليها
tt,13349,"اثبت لحظة, أخبرني ماذا يجري!","انتظر لحظة, أخبرني ماذا يجري!",phrasing,1,تعبير طلب الانتظار لمعرفة ما يجري
tt,13366,"سيداتي سادتي, روكساس--<14 9E 00><10>لاعب الصراع الجديد!","سيداتي سادتي, روكساس--<14 9E 00><10>بطل الصراع الجديد!",meaning,2,حفظ فوزه بالبطولة وليس كونه جديدا
tt,13404,لم تولد مثل بقية اللا أحد.<14 96 00><10> <14 3F 00><10>يمكنها التدخل في قلوب ⏎ سورا ومن يساندونه.,لم تولد مثل بقية اللا أحد.<14 96 00><10> <14 3F 00><10>يمكنها تعديل قلوب وذكريات ⏎ سورا ومن يرتبطون به.,meaning,3,استعادة تأثير ناميني على الذكريات والمرتبطين
tt,13419,"ربما ندرس الأشياء ⏎ التي تحدث لي.<14 EB 00><10> <14 0A 00><10>أتعلم, الأحلام, ⏎ والرجال البيض...","ربما ندرس الأشياء ⏎ التي تحدث لي.<14 EB 00><10> <14 0A 00><10>أتعلم, الأحلام, ⏎ وذوي الثياب البيضاء...",meaning,2,البياض يخص الملابس وليس الأشخاص
tt,13446,أليست هذه الدرجات التي تحدثت عنها?<14 64 00><10> <14 50 00><10>تلك التي تعد مختلفا ⏎ صعودا ونزولا?,أليست هذه الدرجات التي تحدثت عنها?<14 64 00><10> <14 50 00><10>التي يختلف عددها ⏎ صعودا ونزولا?,phrasing,2,توضيح اختلاف العدد في حكاية الدرج
tt,13461,"إذا كانت الإشاعات صحيحة, ⏎ سيصل خلال دقيقة...","إذا كانت الإشاعات صحيحة, ⏎ سيصل في أي لحظة...",meaning,2,التعبير توقع قريب وليس مدة دقيقة
tt,13556,لا تقل ذلك! ⏎ ستحدث لي قرحة!,لا تقل ذلك! ⏎ ستسبب لي قرحة!,phrasing,1,توضيح سبب القرحة في النص
tt,13575,"رائع!<14 38 00><10>لكن, تعلم, يجب التأكد والكل.<14 A4 00><10>إذن, أمم...<14 78 00><10> <14 73 00><10>ما اسم رئيسنا?","رائع!<14 38 00><10>لكن, تعلم, يجب أن نتأكد.<14 A4 00><10>إذن, أمم...<14 78 00><10> <14 73 00><10>ما اسم رئيسنا?",meaning,2,والكل ترجمة حرفية لعبارة تمهيدية
tt,13580,لا تتصل بي ثم تقفل في وجهي...,لا تنادني ثم تقفل في وجهي...,meaning,2,النداء في القصر وليس اتصالا هاتفيا
tt,13626,هل كان...<14 63 00><10>هل كان يجب أن يكون مزحة?,هل كان...<14 63 00><10>هل كانت تلك مزحة?,meaning,2,السؤال عن قصد المزاح وليس وجوبه
tt,13572,"نحن...<14 56 00><10>أصدقاء, صحيح?","نحن...<14 56 00><10>أعز أصدقاء, صح?",meaning,2,حفظ منزلة الصداقة المقربة مع آكسل
tt,13738,"بالتأكيد فعلنا. ⏎ كايري صديقتنا أيضا, تعلم.","بالتأكيد كان علينا. ⏎ كايري صديقتنا أيضا, تعلم.",meaning,2,الرد يؤكد وجوب المساعدة لا حدوثها
tt,14310,لنرى... هزمنا أنسيم...,لنر... هزمنا أنسيم...,grammar,2,جزم المضارع بلام الطلب وحذف العلة
tt,14502,"جهودكم السابقة منعت تدفقا ⏎ هائلا من بلا قلب<14 3E 01><10>من الظلام العظيم,<14 72 00><10>ولا تخطئوا في ذلك.","جهودكم السابقة منعت تدفقا ⏎ هائلا من بلا قلب<14 3E 01><10>من الظلام العظيم,<14 72 00><10>ولا شك في ذلك.",meaning,2,تأكيد الحقيقة وليس نهيهم عن الخطأ
tt,14858,أظن أنني أود أن أعرف.<14 82 00><10> <14 64 00><10> ماذا تعرف عني...,أظن أنني أود أن أعرف.<14 82 00><10> <14 64 00><10> ماذا تعرفين عني...,grammar,2,روكساس يخاطب ناميني المؤنثة
tt,13522,تقصد... الأحلام?,تقصدين... الأحلام?,grammar,2,السؤال موجه إلى ناميني المؤنثة
tt,15200,روكساس ليس الوحيد الذي ⏎ لم يكن من المفترض أن يوجد.<14 D2 00><10> <14 66 00><10>اعتن بها يا أنسيم.,روكساس ليس الوحيد الذي ⏎ لم يكن من المفترض أن يوجد.<14 D2 00><10> <14 66 00><10>تول أمرها يا أنسيم.,meaning,3,أمر بالتعامل معها لا العناية بها
tt,14549,"آه, هلا حسمتم أمركم?","آه, هلا حسمتن أمركن?",grammar,2,سورا يخاطب الجنيات الثلاث المؤنثات
tt,17597,"أناس يتركون الكرات خلفهم, ⏎ وصدى صوت فيفي...<10>العجائب السبع هي في الحقيقة ⏎ سبعة سوء فهم.","أناس يتركون الكرات خلفهم, ⏎ وصدى صوت فيفي...<10>العجائب السبع هي في الحقيقة ⏎ سبع حالات سوء فهم.",grammar,2,تصحيح تركيب عدد حالات سوء الفهم
tt,17676,بيت تأخر قليلا عن الحفل.<10>لقد هزمنا مالفيسنت بالفعل.,بيت فاتته الأخبار.<10>لقد هزمنا مالفيسنت بالفعل.,meaning,2,التعبير اصطلاحي ولا يوجد حفل بالمشهد
tt,17637,"جئت لأرى القطار الذي ⏎ لا سائق له.<10>لكنني هنا منذ الصباح, ⏎ ولم يمر قطار واحد!","جئت لأرى القطار الذي ⏎ لا مراقب له.<10>لكنني هنا منذ الصباح, ⏎ ولم يمر قطار واحد!",meaning,2,تمييز مراقب القطار عن السائق
tt,19662,"أعطني فرصة, كاي--!","أعطيني فرصة, كاي--!",grammar,2,سورا يخاطب كايري في ذكرى البداية
tt,19900,لكن هناك مكانا أريد الذهاب إليه.<14 A5 00><10>و... شخصا أريد رؤيته.,لكن هناك مكان أريد الذهاب إليه.<14 A5 00><10>و... شخصا أريد رؤيته.,grammar,2,رفع الاسم بعد الظرف هناك
es,19644,مهلا ريكو... ما رأيك كان-- ⏎ باب النور?,مهلا ريكو... ماذا كان-- ⏎ باب النور برأيك?,phrasing,2,ترتيب السؤال عن ماهية باب النور
wm,7707,أتساءل هل تصالح بيل ⏎ والوحش...,أتساءل هل تصالحت بيل ⏎ والوحش...,grammar,1,مطابقة الفعل لبيل المؤنثة قبله
eh,16250,مجرد التفكير بكل ما فعلته ⏎ يجعلني غاضبة حقا.<14 1F 01><10>لكن...,مجرد التفكير بكل ما فعلته ⏎ يجعلني غاضبا حقا.<14 1F 01><10>لكن...,grammar,2,المتحدث سورا مذكر وليس مؤنثا
eh,16272,"قلت لك.<14 6C 00><10>لم أرد أن أوجد.<14 48 00><10> <14 48 00><10>ليس هكذا... لم أستطع.<14 C0 00><10> <14 26 00><10>حاربت أنسيم. ⏎ مع... بلا قلب زيهانورت--<14 B4 00><10><14 54 00>عندما اجتاح قلبي, وفزت.<14 AE 00><10>لكن لاستخدام قوة الظلام, ⏎ كان علي أن أصبح أنسيم بنفسي.","قلت لك.<14 6C 00><10>لم أرد أن يعثر علي.<14 48 00><10> <14 48 00><10>ليس هكذا... لم أستطع.<14 C0 00><10> <14 26 00><10>حاربت أنسيم. ⏎ حاربت... بلا قلب زيهانورت--<14 B4 00><10><14 54 00>عندما اجتاح قلبي, وفزت.<14 AE 00><10>لكن لاستخدام قوة الظلام, ⏎ كان علي أن أصبح أنسيم بنفسي.",meaning,3,ريكو يخفي نفسه ويقاتل عدو قلبه
eh,16285,"إذن اسمحوا لي بسؤال آخر.<14 96 00><10> <14 3B 00><10>تقبلون الظلام, لكن تختارون ⏎ العيش في النور.<14 E4 00><10> <14 30 00><10>فلماذا تحتقروننا نحن ⏎ الواقفين على حافة العدم?<14 0B 01><10><14 2F 00>نحن الذين رفضنا ⏎ النور والظلام معا--<14 3E 01><10>دون أن نمنح خيارا?","إذن اسمحوا لي بسؤال آخر.<14 96 00><10> <14 3B 00><10>تقبلون الظلام, لكن تختارون ⏎ العيش في النور.<14 E4 00><10> <14 30 00><10>فلماذا تحتقروننا نحن ⏎ الواقفين على حافة العدم?<14 0B 01><10><14 2F 00>نحن الذين رفضهم ⏎ النور والظلام معا--<14 3E 01><10>دون أن نمنح خيارا?",meaning,3,النور والظلام رفضاهم لا العكس
eh,16345,أظنني أفهم.<14 91 00><10>أرى نفسي كما ⏎ تتذكرني.<14 CC 00><10> <14 42 00><10>وأنت ترى نفسك ⏎ كما أتذكرك.,أظنني أفهم.<14 91 00><10>أرى نفسي كما ⏎ تتذكرينني.<14 CC 00><10> <14 42 00><10>وأنت ترين نفسك ⏎ كما أتذكرك.,grammar,2,روكساس يخاطب ناميني في لقاء الوعد
eh,16410,لماذا يا بيت...<14 46 00><10><14 28 00><10>هذا القصر مثالي.<14 A0 00><10><14 3C 00><10>ربما علينا... الاستحواذ عليه.,يا بيت...<14 46 00><10><14 28 00><10>هذا القصر مثالي.<14 A0 00><10><14 3C 00><10>ربما علينا... الاستحواذ عليه.,meaning,2,العبارة افتتاح تعجبي وليست سؤال لماذا
eh,16462,"بصراحة يا عزيزي, أفضل... الهرب!","بصراحة يا عزيزتي, أفضل... الهرب!",grammar,2,بيت يرد على مالفيسنت المؤنثة
eh,16464,"حسنا, إن لم يكن ملك القوارب.","حسنا, ها هو ملك القوارب.",meaning,2,العبارة تعرف ساخر على الملك
eh,17001,هل أنت مستعد لما ينتظرك? ⏎ <15 33 00>أحتاج لحظة لأهدأ. ⏎ <15 09 00>لننهي هذا!!!,هل أنت مستعد لما ينتظرك? ⏎ <15 33 00>أحتاج لحظة لأهدأ. ⏎ <15 09 00>لننه هذا!!!,grammar,2,حذف حرف العلة بعد لام الأمر
eh,18439,راهن أن منظمة <X 5E> ستنتظرك ⏎ في ذلك القصر.<10>لا حاجة لأخبرك كم هم أقوياء. ⏎ لا تخفض حذرك.,ثق بأن منظمة <X 5E> ستنتظرك ⏎ في ذلك القصر.<10>لا حاجة لأخبرك كم هم أقوياء. ⏎ لا تخفض حذرك.,phrasing,1,تعبير يقين لا أمر بالمراهنة
eh,18442,"واو! هذا المكان بدا كبيرا من الخارج, ⏎ لكن الداخل يبدو أكبر!<10>إن كانت هذه معركتنا الأخيرة, ⏎ لنريهم مما نحن مصنوعون!","واو! هذا المكان بدا كبيرا من الخارج, ⏎ لكن الداخل يبدو أكبر!<10>إن كانت هذه معركتنا الأخيرة, ⏎ لنرهم قوتنا!",meaning,2,التحدي يتعلق بالقدرة لا مادة الصنع
eh,18454,"سئمت الانتظار, فلا تقل لي ⏎ ابق في الخلف!<10>من الآن فصاعدا, أينما يذهب أحدنا, ⏎ يتبعه الآخر, مفهوم?","سئمت الانتظار, فلا تقل لي ⏎ ابقي في الخلف!<10>من الآن فصاعدا, أينما يذهب أحدنا, ⏎ يتبعه الآخر, مفهوم?",grammar,2,كايري تنقل أمرا موجها إليها
eh,18458,إذن كنتم جميعا تخوضون المغامرات ⏎ بينما أعيش حياة عادية.<10>لماذا أترك دائما!? عليكم ⏎ أن تخبروني عنها لاحقا!,إذن كنتم جميعا تخوضون المغامرات ⏎ بينما أعيش حياة عادية.<10>لماذا أستبعد دائما!? عليكم ⏎ أن تخبروني عنها لاحقا!,meaning,2,توضيح الاستبعاد من المغامرة
eh,19964,هذا بالضبط ما أردت سماعه.<14 8E 00><10>ليس من طبعي التراجع.,هذا بالضبط ما أردت سماعه.<14 8E 00><10>ليس من طبعي التساهل.,meaning,2,عدم كبح القوة لا عدم التراجع
eh,21459,هل علي أن أكرر نفسي بشأن التنصت?,هل علي أن أكرر كلامي بشأن التنصت?,phrasing,1,تكرار الكلام لا تكرار النفس
eh,21465,"قاعة الراحة جزء من زوج. ⏎ قاعة اليقظة هي الأخرى.<14 5E 01><10> <14 14 00><10>مقبرة أخرى, إن أردت ⏎ تسميتها هكذا.<14 C8 00><10>بناها شخص غير ⏎ زيمناس نفسه.<14 04 01><10>وهناك سيجده.","قاعة الراحة إحدى قاعتين. ⏎ قاعة اليقظة هي الأخرى.<14 5E 01><10> <14 14 00><10>مقبرة أخرى, إن أردت ⏎ تسميتها هكذا.<14 C8 00><10>بناها شخص غير ⏎ زيمناس نفسه.<14 04 01><10>وهناك سيجده.",meaning,2,قاعتان متقابلتان لا زوج مبهم
hb,8181,"يا إلهي, إنه نحن فقط<13 C6 00 39 00><08 01 00 05>!","يا إلهي, نحن فقط<13 C6 00 39 00><08 01 00 05>!",grammar,2,تصحيح تركيب الإشارة إلى الجماعة
hb,8223,"هيه, لماذا الوجه الطويل?<14 78 00><10><14 19 00><10>ماذا حدث?","هيه, لماذا العبوس?<14 78 00><10><14 19 00><10>ماذا حدث?",meaning,2,تعبير عن العبوس لا طول الوجه
hb,8257,"هو-هو! ظننت-آه, إنه أنتم!","هو-هو! ظننت-آه, ها أنتم!",grammar,2,تصحيح الإشارة إلى جماعة
hb,8263,يا عزيزي...,يا إلهي...,meaning,2,تعجب لا نداء شخص عزيز
hb,8279,"غطي علي, حسنا?","غط علي, حسنا?",grammar,2,الأمر لسورا مذكر
hb,12378,أوه! ظننت أنه أنتم. ⏎ في الوقت المناسب تماما!,أوه! ظننت أنكم أنتم. ⏎ في الوقت المناسب تماما!,grammar,2,تصحيح ضمير الجماعة
hb,12413,ما الفكرة!?,ماذا تفعل!?,meaning,2,تعبير اعتراض لا سؤال عن فكرة
hb,12602,"همم, شعرت كأنني ⏎ أحيط بالشخص نفسه.","همم, شعرت كأنني ⏎ كنت قرب الشخص نفسه.",meaning,2,الوجود قرب شخص لا إحاطته
hb,12639,فقط ثلاثة متعصبين للكنوز.,فقط ثلاث مهووسات للكنوز.,grammar,2,الجنيات الثلاث مؤنث
hb,12684,وكونوا حذرين أيضا!,وكن حذرا أيضا!,grammar,2,الرد للملك المفرد
hb,12818,لا تسيء فهمي.<14 64 00><10><14 1E 00><10>سآخذ انتقامي منك بعد.,لا تسيء فهمي.<14 64 00><10><14 1E 00><10>سأنتقم منك لاحقا.,phrasing,2,yet تؤكد انتقاما آتيا
hb,12852,لا بد أنك تمزح!,لا بد أنكن تمزحن!,grammar,2,سورا يخاطب الجنيات الثلاث
hb,12997,ليس هنا أيضا. ⏎ ومع ذلك أشعر أنني أقترب منه.<10>أنا متأكد أنني فقط أفوته. ⏎ سأصادفه قريبا.,ليس هنا أيضا. ⏎ ومع ذلك أشعر أنني أقترب منه.<10>أنا متأكدة أنني فقط أفوته. ⏎ سأصادفه قريبا.,grammar,2,تيفا تتحدث عن نفسها مؤنث
hb,13019,ثروات! ثروات! ⏎           أنا سعيد جدا! ♪<10>...آه! أنتم!?,ثروات! ثروات! ⏎           أنا سعيدة جدا! ♪<10>...آه! أنتم!?,grammar,2,ريكا تتحدث عن نفسها مؤنث
hb,15272,سيكون بخير.<14 3C 00><10><14 41 00><10>أنا متأكدة أن فيه بعض النور في مكان ما.,سيكون بخير.<14 3C 00><10><14 41 00><10>أنا متأكد أن فيه بعض النور في مكان ما.,grammar,2,غوفي المتحدث مذكر
hb,17929,"السحر يمكن دمجه مع أفعال أخرى ⏎ ومفيد جدا.<10>كثيرون معرضون له أيضا, ⏎ فلا تنس تدريبك.","السحر يمكن دمجه مع أفعال أخرى ⏎ ومفيد جدا.<10>كثيرون يتأثرون به أيضا, ⏎ فلا تنس تدريبك.",meaning,2,الخصوم يتأثرون بالسحر لا يتعرضون فحسب
hb,21487,"<17 07 B4>  ⏎ قبل عام, هزم سورا وأصدقاؤه ⏎ بلا قلب الذي كان يحاول وضع يده على ⏎ كينغدوم هارتس--أنسيم, باحث الظلام. ⏎   ⏎ لكن ذلك لم يكن أنسيم الحقيقي. كان ⏎ مجرد مزيف, يستخدم اسم أنسيم ⏎ لتنفيذ أوامره. ⏎   ⏎   ⏎   ⏎ ","<17 07 B4>  ⏎ قبل عام, هزم سورا وأصدقاؤه ⏎ بلا قلب الذي كان يحاول وضع يده على ⏎ كينغدوم هارتس--أنسيم, باحث الظلام. ⏎   ⏎ لكن ذلك لم يكن أنسيم الحقيقي. كان ⏎ مجرد مزيف, يستخدم اسم أنسيم ⏎ لتحقيق مآربه. ⏎   ⏎   ⏎   ⏎ ",meaning,3,المزيف يحقق مآربه الخاصة
mu,4225,"آه, ربما الأفضل أن ⏎ ننظر قبل أن نقفز.","آه, ربما الأفضل أن ⏎ نفكر قبل أن نندفع.",meaning,2,التروي قبل الاندفاع لا القفز
mu,4228,والآن ابتعدوا قبل أن ⏎ يثور تنيني!,والآن ابتعدوا قبل أن ⏎ أثور غضبا!,meaning,2,موشو يغضب ولا يملك تنينا آخر
mu,4230,"الأفضل أن تتمنى ألا أشتاق ⏎ إليكم, وإلا فأنتم--<14 9C 00><10>أنتم...","الأفضل أن تتمنوا ألا أصيب ⏎ أحدكم, وإلا فأنتم--<14 9C 00><10>أنتم...",meaning,3,miss تهديد بخطأ الإصابة لا الاشتياق
mu,4253,"أنت تتظاهر بأنك ولد, أليس كذلك?","أنت تتظاهرين بأنك ولد, أليس كذلك?",grammar,2,غوفي يخاطب مولان العارف بتنكرها
mu,4322,"قابلني عند<13 5C 01 43 00><08 01 00 05> ⏎ استعدادكم للانطلاق.<10>تذكروا, قد يكون ⏎ اختبارا, لكنها ⏎ مهمة مهمة.<10>كونوا متيقظين!","قابلوني عند<13 5C 01 43 00><08 01 00 05> ⏎ استعدادكم للانطلاق.<10>تذكروا, قد يكون ⏎ اختبارا, لكنها ⏎ مهمة مهمة.<10>كونوا متيقظين!",grammar,2,الأمر لمجموعة المجندين
mu,4350,الآن بدأنا نطبخ<13 96 00 D1 00><06 02><08 03 00 06>!,الآن بدأنا نتقدم<13 96 00 D1 00><06 02><08 03 00 06>!,meaning,2,بدء التقدم لا إعداد الطعام
mu,4406,فهمنا الصورة...,فهمنا القصد...,phrasing,1,فهم المقصود لا صورة مرئية
mu,4424,"ماذا? آه, لا, لا--لا تقلقي بشأن ذلك, ⏎ هذا أمر تقني فقط. لنا نحن الحراس فقط.","ماذا? آه, لا, لا--لا تقلق بشأن ذلك, ⏎ هذا أمر تقني فقط. لنا نحن الحراس فقط.",grammar,2,موشو يجيب غوفي المذكر
mu,4447,لماذا تلاحق شخصا ⏎ من منظمة <X 5E>?,لماذا تلاحقين شخصا ⏎ من منظمة <X 5E>?,grammar,2,سورا يسأل مولان المؤنثة
mu,4503,يبدو أن ذلك الشاب هو صاحب الأسود<13 F0 00 64 00><06 01><08 01 01 06> ⏎ الذي سمعت عنه همسا.,يبدو أن ذلك الشاب هو ذو الثوب الأسود<13 F0 00 64 00><06 01><08 01 01 06> ⏎ الذي سمعت عنه همسا.,phrasing,2,ذو الثوب الأسود لا صاحب الأسود
mu,4515,بالفعل<13 01 01 64 00><06 01><08 01 01 05>.<10>هذا صحيح: ⏎ لا داعي للقلق ⏎ ما دمتم تحمونا.,بالفعل<13 01 01 64 00><06 01><08 01 01 05>.<10>هذا صحيح: ⏎ لا داعي للقلق ⏎ ما دمتم تحموننا.,grammar,2,عدم سقوط نون الفعل والضمير
mu,4517,مرة أخرى خدمت الصين جيدا.<14 B4 00><10> <14 46 00>يسرني أن أكافئكم.<14 AA 00><10>ماذا تريدون?,مرة أخرى خدمتم الصين جيدا.<14 B4 00><10> <14 46 00>يسرني أن أكافئكم.<14 AA 00><10>ماذا تريدون?,grammar,2,شكر الإمبراطور لجماعة
mu,4530,حقا?,أفعلت?,meaning,2,السؤال عن تنفيذ التنبيه
mu,4540,أود أن شانغ... أ-أعني... حسنا... ⏎ القائد...,أريد شانغ... أ-أعني... حسنا... ⏎ القائد...,grammar,2,إزالة أن أمام اسم مبتور
mu,8057,لا أستطيع البقاء. أنا قلق على شانغ<13 0F 01 55 00><08 01 00 05>.,لا أستطيع البقاء. أنا قلقة على شانغ<13 0F 01 55 00><08 01 00 05>.,grammar,2,مولان تقلق على شانغ مؤنث
mu,17707,ترى قرية محروقة ⏎ من هذه الأجمة. شان-يو فعل ذلك.<10>جيشه لا يتوقف عند شيء ⏎ لغزو بلادنا.,ترى قرية محروقة ⏎ من هذه الأجمة. شان-يو فعل ذلك.<10>جيشه لا يتورع عن شيء ⏎ لغزو بلادنا.,meaning,2,لن يتورع الجيش عن أي شيء
mu,21516,<17 07 B4>  ⏎ يدخل سورا وأصدقاؤه الكهف ⏎ للبحث عن المحارب الشهير. هزيمة ⏎ شان-يو ستبهر القائد حتما! ⏎   ⏎ لكن شان-يو لا أثر له. ⏎ كان كل شيء فخا نصب ⏎ لبينغ وسورا. ⏎   ⏎   ⏎   ⏎ ,<17 07 B4>  ⏎ يدخل سورا وأصدقاؤه الكهف ⏎ للبحث عن المحارب سيئ السمعة. هزيمة ⏎ شان-يو ستبهر القائد حتما! ⏎   ⏎ لكن شان-يو لا أثر له. ⏎ كان كل شيء فخا نصب ⏎ لبينغ وسورا. ⏎   ⏎   ⏎   ⏎ ,meaning,1,الشهرة السيئة لا مجرد الشهرة
mu,21518,"<17 07 B4>  ⏎ يهزم سورا وأصدقاؤه الرعب الذي ⏎ أطلقه زيغبار, مع حماية ⏎ الإمبراطور والقائد شانغ. ⏎   ⏎ يدعي الاثنان أنهما قابلا شابا ⏎ بالأسود. هل يتحدثان عن ⏎ ريكو? ⏎   ⏎ قبل أن يسأل سورا, تبدأ الأرض ⏎ بالاهتزاز. ⏎ ","<17 07 B4>  ⏎ يهزم سورا وأصدقاؤه الرعب الذي ⏎ أطلقه زيغبار, مع حماية ⏎ الإمبراطور والقائد شانغ. ⏎   ⏎ يقول الاثنان أنهما قابلا شابا ⏎ بالأسود. هل يتحدثان عن ⏎ ريكو? ⏎   ⏎ قبل أن يسأل سورا, تبدأ الأرض ⏎ بالاهتزاز. ⏎ ",phrasing,1,رواية اللقاء لا التشكيك في صدقها
bb,3109,ما دمنا هنا وكل شيء<13 F7 00 25 00><08 01 01 06>.,ما دمنا هنا فلم لا<13 F7 00 25 00><08 01 01 06>.,phrasing,1,تعليل المساعدة دون حشو حرفي
bb,3176,واو<13 90 01 2C 01><08 01 00 01>... ⏎ إنها ⏎ قصة طويلة.,واو<13 90 01 2C 01><08 01 00 01>... ⏎ إنها ⏎ قصة عجيبة.,meaning,1,قصة عجيبة لا وصف مدتها
bb,3254,بيل... آ-آسف--لم أكن نفسي.<14 13 01><10><14 14 00><10>آمل ألا أكون فعلت ما يؤذيك.,بيل... آ-آسف--لم أكن كعادتي.<14 13 01><10><14 14 00><10>آمل ألا أكون فعلت ما يؤذيك.,phrasing,1,عدم التصرف على الطبيعة لا الهوية
bb,3256,أعرف أنك لم تكن نفسك. ⏎ لا داعي للاعتذار.,أعرف أنك لم تكن كعادتك. ⏎ لا داعي للاعتذار.,phrasing,1,عدم التصرف على الطبيعة لا الهوية
bb,3302,جئت لآخذ شيئا ⏎ تحبونه كثيرا.,جئت لآخذ شيئا ⏎ تحبه كثيرا.,grammar,2,الشيء عزيز على الوحش المفرد
bb,3397,المهم هو... ⏎ أنك لم تتأذ من زالدين...<14 F0 00><10><14 27 00>أنت بأمان.,المهم هو... ⏎ أنك لم تتأذي من زالدين...<14 F0 00><10><14 27 00>أنت بأمان.,grammar,2,خطاب الوحش لبيل مؤنث
bb,15723,"سيكون رائعا لو استطعنا ⏎ ترتيب أمسية جميلة أخرى,<10>بعد أن قوطعنا بوقاحة ⏎ هكذا. ⏎ ربما عشاء أنيق مناسب? ⏎ سيساعد ذلك على المزاج.","سيكون رائعا لو استطعنا ⏎ ترتيب أمسية جميلة أخرى,<10>بعد أن قوطعنا بوقاحة ⏎ هكذا. ⏎ ربما عشاء أنيق مناسب? ⏎ سيحسن ذلك المزاج.",phrasing,1,تحسين المزاج بصياغة طبيعية
bb,15727,"أود العودة إلى مظهري السابق.<10>مع أنني, لأقول الحقيقة, اعتدت ⏎ مظهري الحالي نوعا ما!","أود العودة إلى مظهري السابق.<10>مع أنني, لأقول الحقيقة, أحببت ⏎ مظهري الحالي نوعا ما!",meaning,1,الإعجاب بالمظهر لا مجرد اعتياده
bb,15737,"عندما ظننت أن اللعنة ⏎ قد ترفع, يجب أن يحدث هذا!","عندما ظننت أن اللعنة ⏎ قد ترفع, حدث هذا!",meaning,2,شكوى من الحدث لا وجوب حدوثه
bb,15763,عذراء في محنة. ⏎ هذا وقت عملك يا سيدي!,فتاة في محنة. ⏎ هذا وقت عملك يا سيدي!,meaning,2,فتاة في محنة دون وصف العذرية
bb,21495,"<17 07 B4>  ⏎ تواصل شرحها بأن الوحش كان ⏎ إنسانا أيضا, وأمير القلعة. إن ⏎ أراد سورا معرفة المزيد, فلدى خدمه ⏎ تفاصيل يستطيعون مشاركتها. ⏎   ⏎ فضولا لمعرفة الحقيقة, يتجه سورا ⏎ إلى الأسفل. ⏎   ⏎   ⏎   ⏎ ","<17 07 B4>  ⏎ تواصل شرحها بأن الوحش كان ⏎ إنسانا أيضا, وأمير القلعة. إن ⏎ أراد سورا معرفة المزيد, فلدى خدمه ⏎ تفاصيل يستطيعون مشاركتها. ⏎   ⏎ رغبة في معرفة الحقيقة, يتجه سورا ⏎ إلى الأسفل. ⏎   ⏎   ⏎   ⏎ ",grammar,1,تعليل التوجه بصياغة سليمة
bb,21498,<17 07 B4>  ⏎ كان الوحش يعتز بالوردة بحياته ⏎ لأنها أمله الوحيد في إبطال ⏎ التعويذة التي ألقيت عليه وعلى الآخرين ⏎ في القلعة. ⏎   ⏎ يعود إلى سورا إقناع الوحش ⏎ باسترجاع الزهرة الثمينة من أجل ⏎ الجميع. ⏎   ⏎   ⏎ ,<17 07 B4>  ⏎ كان الوحش يحمي الوردة بحياته ⏎ لأنها أمله الوحيد في إبطال ⏎ التعويذة التي ألقيت عليه وعلى الآخرين ⏎ في القلعة. ⏎   ⏎ على سورا إقناع الوحش ⏎ باسترجاع الزهرة الثمينة من أجل ⏎ الجميع. ⏎   ⏎   ⏎ ,phrasing,2,صون الوردة وتكليف سورا بإقناعه
he,3530,"فتى العجائب? حسنا<13 C8 00 50 00><06 00><08 01 00 06>, ⏎ هو يتقاتل في ⏎ الكولوسيوم كل يوم.<10>تعرف, ""عمل البطل ⏎ لا ينتهي أبدا"" ⏎ وكل ذلك.<10>هو على وشك السقوط, ⏎ لكنه يواصل ⏎ القتال.<10>حتى فتى العجائب ⏎ له حدود.<10>هؤلاء الخصوم أخبار ⏎ سيئة--هدايا خاصة ⏎ من هاديس نفسه...","فتى العجائب? حسنا<13 C8 00 50 00><06 00><08 01 00 06>, ⏎ هو يتقاتل في ⏎ الكولوسيوم كل يوم.<10>تعرف, ""عمل البطل ⏎ لا ينتهي أبدا"" ⏎ وكل ذلك.<10>هو على وشك السقوط, ⏎ لكنه يواصل ⏎ القتال.<10>حتى فتى العجائب ⏎ له حدود.<10>هؤلاء الخصوم مصدر ⏎ متاعب--هدايا خاصة ⏎ من هاديس نفسه...",meaning,2,الخصوم خطر لا أخبار سيئة
he,3555,فقط أعمق زنزانة ⏎ في العالم السفلي.<14 6E 00><10><14 28 00><10>هذه المرة سأخرج أم ⏎ كل الأشرار.,فقط أعمق زنزانة ⏎ في العالم السفلي.<14 6E 00><10><14 28 00><10>هذه المرة سأخرج أعتى ⏎ كل الأشرار.,meaning,2,أعتى الأشرار لا أمهم
he,3573,"صحيح! ⏎ هذا هو الأمر.<14 AA 00><10>في العالم السفلي, الأبطال ⏎ أصفار--جزء من المكان.","صحيح! ⏎ هذا هو الأمر.<14 AA 00><10>في العالم السفلي, الأبطال ⏎ أصفار--هذه طبيعة المكان.",meaning,2,أثر ملازم للعالم لا جزء مكاني
he,3574,"في العالم السفلي, الأبطال ⏎ أصفار--جزء من المكان.","في العالم السفلي, الأبطال ⏎ أصفار--هذه طبيعة المكان.",meaning,2,أثر ملازم للعالم لا جزء مكاني
he,3663,اعتنوا بالهيدرا. ⏎ سنتولى الباقي.,اعتن بالهيدرا. ⏎ سنتولى الباقي.,grammar,2,سورا يخاطب هرقل المفرد
he,3738,أظنكم لا تملكون ⏎ مكانا لشخص آخر?,أليس لديكم ⏎ مكان لشخص آخر?,phrasing,1,طلب الانضمام بصيغة واضحة
he,3745,"لا تقلقوا بشأن فتى العجائب هنا. ⏎ سأعتني به.<14 D8 00><10><14 36 00><10>سورا,<14 5A 00><10>دونالد,<14 5A 00><10>غوفي,<14 3C 00><10>أنا مدين لكم بالكثير.","لا تقلقوا بشأن فتى العجائب هنا. ⏎ سأعتني به.<14 D8 00><10><14 36 00><10>سورا,<14 5A 00><10>دونالد,<14 5A 00><10>غوفي,<14 3C 00><10>أنا مدينة لكم بالكثير.",grammar,2,ميغ تتحدث عن نفسها مؤنث
he,3751,حسنا. لا تكونوا غرباء.,حسنا. لا تغيبوا عنا.,meaning,2,طلب استمرار الزيارة لا تغيير الهوية
he,3806,لم أعد كما كنت<13 22 01 50 00><06 00><08 01 01 06>. ⏎ آسف لسحبكم للأسفل يا شباب.,لم أعد كما كنت<13 22 01 50 00><06 00><08 01 01 06>. ⏎ آسف لإعاقتكم يا شباب.,meaning,2,إعاقة الفريق لا سحبه للأسفل
he,3838,هرقل والثلاثة الآخرون. ⏎ هل نحن متفقون?,هرقل والثلاثة الآخرون. ⏎ هل الأمر واضح?,meaning,2,هاديس يطلب فهم الأمر لا الاتفاق
he,3839,متفقون يا هاديس.,واضح يا هاديس.,meaning,2,أورون يقر بفهم الأمر
he,3859,سأطيل الأمور لأشتري لكم الوقت.,سأطيل الأمور لأكسبكم الوقت.,phrasing,1,كسب الوقت بصياغة طبيعية
he,3892,لماذا أولئك الصغار--,أولئك الصغار--,meaning,2,Why استنكار لا سؤال سببي
he,3957,ليس بعد... بخبرة كافية....,لا تملكون... خبرة كافية....,grammar,1,نقص الخبرة بصياغة سليمة
he,3964,"بعد تفكير ثان,<14 3C 00><10>إن كانت هذه وجوه ""أبطالكم"", ⏎ فما زال أمامكم عمل كثير.","بعد تفكير ثان,<14 3C 00><10>إن كانت وجوهكم ""بطولية"", ⏎ فما زال أمامكم عمل كثير.",meaning,2,تعبير وجوه المخاطبين لا أبطال يملكونهم
he,7523,هناك قاعدة واحدة: ⏎ حافظ على النظافة!,هناك قاعدة واحدة: ⏎ العب بنزاهة!,meaning,2,نزاهة القتال لا النظافة المكانية
he,16163,كان ذلك قريبا. أنت وأصدقاؤك ⏎ أنقذتموني هناك يا سورا.,كدت لا أنجو. أنت وأصدقاؤك ⏎ أنقذتموني هناك يا سورا.,meaning,2,النجاة من خطر وشيك لا القرب
he,16169,"عينا ذلك الرجل كانتا زجاجيتين, ⏎ كأنه لا يفكر إلا بالقتال.<10>وهرقل عليه مواجهته ⏎ في المباراة النهائية?","عينا ذلك الرجل كانتا جامدتين, ⏎ كأنه لا يفكر إلا بالقتال.<10>وهرقل عليه مواجهته ⏎ في المباراة النهائية?",meaning,2,جمود العينين لا مادتهما
he,20604,اضغط <09 DF> لبدء المبارزة! اهزم الأعداء الذين يظهرون بسرعة!,اضغط <09 DF> لبدء المبارزة! اهزم بسرعة الأعداء الذين يظهرون!,grammar,2,السرعة في الهزيمة لا ظهور الأعداء
he,21394,هل أنت متأكد أنك تريد لمسه<13 68 01 68 01><06 00><08 01 00 02>?<10>لا يمكنك الحذر أكثر من اللازم ⏎ في العالم السفلي.,هل أنت متأكد أنك تريد لمسه<13 68 01 68 01><06 00><08 01 00 02>?<10>الحذر مهما زاد لا يضر ⏎ في العالم السفلي.,phrasing,2,الحذر الزائد لا يضر في العالم السفلي
he,21499,"<17 07 B4>  ⏎ هرقل يرهق نفسه حتى العظم, ⏎ وميغارا قلقة. حتى الأبطال ⏎ يحتاجون إلى راحة. ⏎   ⏎ كانت في طريقها لتتوسل الرحمة من هاديس, ⏎ لكن سورا وأصدقاءه يقررون أنه خطير جدا, ⏎ ويعرضون الذهاب مكانها. ⏎   ⏎   ⏎   ⏎ ","<17 07 B4>  ⏎ هرقل يجهد نفسه إلى أقصى حد, ⏎ وميغارا قلقة. حتى الأبطال ⏎ يحتاجون إلى راحة. ⏎   ⏎ كانت في طريقها لتتوسل الرحمة من هاديس, ⏎ لكن سورا وأصدقاءه يقررون أنه خطير جدا, ⏎ ويعرضون الذهاب مكانها. ⏎   ⏎   ⏎   ⏎ ",meaning,2,العمل المرهق لا الوصول للعظم
he,21501,"<17 07 B4>  ⏎ بفضول, يسأل سورا هرقل عن ⏎ لعنة العالم السفلي. يتبين أن تميمة ⏎ تدعى حجر أولمبيا ⏎ توفر الحماية. ⏎   ⏎ لكن حتى بدون اللعنة, هاديس ⏎ متعب جدا. هناك شخص واحد فقط ⏎ يستطيع مساعدتهم على الاستعداد للمعركة ⏎ الملحمية القادمة. ⏎   ⏎ ","<17 07 B4>  ⏎ بفضول, يسأل سورا هرقل عن ⏎ لعنة العالم السفلي. يتبين أن تميمة ⏎ تدعى حجر أولمبيا ⏎ توفر الحماية. ⏎   ⏎ لكن حتى بدون اللعنة, هاديس ⏎ خصم صعب. هناك شخص واحد فقط ⏎ يستطيع مساعدتهم على الاستعداد للمعركة ⏎ الملحمية القادمة. ⏎   ⏎ ",meaning,2,صعوبة مواجهة هاديس لا شعوره بالتعب
he,21504,"<17 07 B4>  ⏎ بينما يتجه سورا وأصدقاؤه مباشرة ⏎ إلى العالم السفلي, يرون فيل ملقى ⏎ على الأرض, مهزوما على يد الشخص ⏎ ذي الثياب السوداء. ⏎   ⏎ الأمر متروك للأصدقاء الثلاثة ⏎ لإنقاذ اليوم! ⏎   ⏎   ⏎   ⏎ ","<17 07 B4>  ⏎ بينما يتجه سورا وأصدقاؤه مباشرة ⏎ إلى العالم السفلي, يرون فيل ملقى ⏎ على الأرض, مهزوما على يد الشخص ⏎ ذي الثياب السوداء. ⏎   ⏎ الأمر متروك للأصدقاء الثلاثة ⏎ لإنقاذ الموقف! ⏎   ⏎   ⏎   ⏎ ",meaning,2,إنقاذ الموقف لا اليوم
dc,5420,"هيا, أعطوني فرصة!","هيا, كفى هذا!",meaning,2,الشكوى من الهجوم لا طلب فرصة
dc,5491,ديزي هي حبيبة دونالد الخاصة جدا.,ديزي هي حبيبة دونالد العزيزة جدا.,phrasing,1,وصف الحبيبة العزيزة بصياغة طبيعية
dc,5500,إلى أين?,ستذهب?,meaning,2,سؤال عن نية الرحيل يجيب بالنفي
ca,7808,أظهر نفسك يا بيت! ⏎ لقد تغير المد.,أظهر نفسك يا بيت! ⏎ انقلبت الموازين.,meaning,2,تحول كفة القتال لا مد البحر
ca,10032,"هذا بالضبط ما ظننته.<14 77 00><10>مدفون في جزيرة الموتى ⏎ ما لا يمكن العثور عليه<14 A5 00><10>إلا لمن يعرف ⏎ مكانه.<14 A5 00><10>وجدناه.<14 66 00><10>هناك الصندوق. وبداخله الذهب. ⏎ وأخذناه كله!<14 14 01><10>أنفقناه وبادلناه وبددناه ⏎ على الشراب والطعام و<14 14 01><10>الصحبة الممتعة.<14 72 00><10>وكلما أعطيناه أكثر, ⏎ أدركنا أكثر...<14 0B 01><10>أن الشراب لا يشبع,<14 8A 00><10>والطعام يتحول رمادا في أفواهنا.<14 EA 00><10>نحن رجال ملعونون يا آنسة تيرنر. ⏎ دفعنا الطمع,<14 FC 00><10>لكن الآن... ⏎ صار الطمع يلتهمنا.","هذا بالضبط ما ظننته.<14 77 00><10>مدفون في جزيرة الموتى ⏎ ما لا يمكن العثور عليه<14 A5 00><10>إلا لمن يعرف ⏎ مكانه.<14 A5 00><10>وجدناه.<14 66 00><10>هناك الصندوق. وبداخله الذهب. ⏎ وأخذناه كله!<14 14 01><10>أنفقناه وبادلناه وبددناه ⏎ على الشراب والطعام و<14 14 01><10>الصحبة الممتعة.<14 72 00><10>وكلما أعطيناه أكثر, ⏎ أدركنا أكثر...<14 0B 01><10>أن الشراب لا يروي,<14 8A 00><10>والطعام يتحول رمادا في أفواهنا.<14 EA 00><10>نحن رجال ملعونون يا آنسة تيرنر. ⏎ دفعنا الطمع,<14 FC 00><10>لكن الآن... ⏎ صار الطمع يلتهمنا.",phrasing,1,الشراب يروي العطش لا يشبع الجوع
ca,10038,لهذا لا معنى ⏎ لقتلك... بعد.,لهذا لا معنى ⏎ لقتلك... الآن.,meaning,2,عدم القتل الآن قبل رد الدم
ca,10073,أنت! يا خادمة! أبوك. ⏎ هل كان أبوك ويليام تيرنر!?,أنت! يا فتاة! أبوك. ⏎ هل كان أبوك ويليام تيرنر!?,meaning,2,Maid فتاة وليست خادمة هنا
ca,10113,هي تتحرر!,حرروها!,phrasing,2,ويل يشترط إطلاق سراح إليزابيث
ca,10241,"إذن, أه, لماذا أنتم هياكل عظمية?","إذن, أه, لماذا أنت هيكل عظمي?",grammar,2,السؤال عن هيئة جاك وحده
ca,10282,إذن اتركوا واسحبوا لنهرب أحرارا!,إذن اتركوا واسحبوا لنبحر أحرارا!,meaning,2,الإبحار إلى المواجهة لا الهرب
ca,10314,"هناك, ألا ترى?",أرأيت?,meaning,1,There استدلال لا مكان
ca,17010,ظننت أننا رأينا آخر<13 10 01 46 00><08 01 01 06> ⏎ لعنة ذهب الأزتك...<10>ما الذي يجري?,ظننت أننا تخلصنا من<13 10 01 46 00><08 01 01 06> ⏎ لعنة ذهب الأزتك...<10>ما الذي يجري?,meaning,2,زوال اللعنة لا رؤية آخر لعنة
ca,17109,لا أصدق أن ويل عاد إلى ⏎ إيسلا دي مويرتا!<04 0A> ما الأمر الكبير!?,لا أصدق أن ويل عاد إلى ⏎ إيسلا دي مويرتا!<04 0A> ما المهم في الأمر!?,phrasing,1,توضيح سؤال أهمية العودة
ca,17428,"يبدو أن القرصان الذي كان مع ⏎ بيت يدعى باربوسا.<10>يقول الناس إنه لن يتوقف عند شيء ليحصل على ⏎ ما يريد, لكنني أتساءل ما الذي يسعى إليه.","يبدو أن القرصان الذي كان مع ⏎ بيت يدعى باربوسا.<10>يقول الناس إنه لن يتورع عن شيء ليحصل على ⏎ ما يريد, لكنني أتساءل ما الذي يسعى إليه.",meaning,2,لا يتورع بدل لا يتوقف
ca,21554,"<17 07 B4>  ⏎ يعلق سورا وأصدقاؤه في ⏎ قبو السفينة--سفينة مزودة ⏎ بالمتفجرات. هل سيضيعون جميعا في خزانة ⏎ ديفي جونز!? ⏎   ⏎ يبدو أن كل أمل ضاع, لكن حكمة جاك ⏎ الماكرة وشجاعة سورا ⏎ تنقذان اليوم. ⏎   ⏎   ⏎ ","<17 07 B4>  ⏎ يعلق سورا وأصدقاؤه في ⏎ قبو السفينة--سفينة مزودة ⏎ بالمتفجرات. هل سيضيعون جميعا في خزانة ⏎ ديفي جونز!? ⏎   ⏎ يبدو أن كل أمل ضاع, لكن حكمة جاك ⏎ الماكرة وشجاعة سورا ⏎ تنقذان الموقف. ⏎   ⏎   ⏎ ",meaning,2,إنقاذ الموقف لا اليوم
ca,21557,<17 07 B4>  ⏎ لا يمكن للمنظمة الإفلات بهذا ⏎ لفترة أطول! ⏎   ⏎ لكن سورا لا يتحداهم--ليس بعد. ⏎ يعرف الفريق أنه لا فرصة للقتال ⏎ دون جمع كل ⏎ الميداليات. ⏎   ⏎ بعد مطاردة طويلة وشاقة... ⏎   ⏎ ,<17 07 B4>  ⏎ لا يمكن للمنظمة الإفلات بهذا ⏎ لفترة أطول! ⏎   ⏎ لكن سورا لا يتحداهم--ليس بعد. ⏎ يعرف الفريق أنه لا فرصة للفوز ⏎ دون جمع كل ⏎ الميداليات. ⏎   ⏎ بعد مطاردة طويلة وشاقة... ⏎   ⏎ ,meaning,2,غياب فرصة الفوز لا إمكان القتال
al,91,"يغادر القصر  ⏎ ويذهب وحده طوال الوقت. <14 E6 00><10>سألته عن ذلك,  ⏎ لكنه يقول إن شيئا لا يحدث.","يغادر القصر  ⏎ ويذهب وحده طوال الوقت. <14 E6 00><10>سألته عن ذلك,  ⏎ لكنه يقول إن الأمور بخير.",meaning,2,لا خطب لديه لا انعدام الأحداث
al,102,"قفوا, لص!","قف, لص!",grammar,2,أمر أبو المفرد لا جماعة
al,116,لن تتهرب من هذه المرة!,لن تتهرب هذه المرة!,grammar,1,هذه المرة ظرف دون من
al,191,انتظروا فقط حتى يتحرر جعفر!<14 78 00><10>سيصنع منكم ⏎ أجمل بلا قلب!,انتظروا فقط حتى يتحرر جعفر!<14 78 00><10>سيصبح هو ⏎ أجمل بلا قلب!,meaning,3,جعفر سيصبح بلا قلب لا يحولهم
al,211, <14 6E 00><10>سأعلمك كيف تجعلني أضحوكة!, <14 6E 00><10>سألقنك درسا لجعلي أضحوكة!,meaning,2,تهديد بعقوبة لا تعليم جعل الأضحوكة
al,214,أنت!<14 32 00><10>لقد عبثت معي ⏎ للمرة الأخيرة! <14 80 00><10>سأنال منك بعد!,أنت!<14 32 00><10>لقد عبثت معي ⏎ للمرة الأخيرة! <14 80 00><10>سأنال منك لاحقا!,phrasing,2,yet تأكيد انتقام لاحق
al,224,ربما لديك<13 9A 00 37 00><08 01 01 06> ⏎ نقطة هنا يا فتى.,ربما لديك<13 9A 00 37 00><08 01 01 06> ⏎ وجهة نظر يا فتى.,meaning,2,وجهة نظر لا نقطة مكانية
al,357,"آه, لا--ليس الأمر كذلك يا آياغو.<14 9C 00><10>الأصدقاء لا يجب أن يفعلوا شيئا.<14 78 00><10>ما دمتم تستمتعون بالتسكع معا, ⏎ فهذا كل ما يهم.","آه, لا--ليس الأمر كذلك يا آياغو.<14 9C 00><10>ليس على الأصدقاء أن يفعلوا شيئا.<14 78 00><10>ما دمتم تستمتعون بالتسكع معا, ⏎ فهذا كل ما يهم.",meaning,2,لا التزام بالفعل لا نهي عنه
al,371,لكنني لا أستطيع الإمساك أكثر!,لكنني لا أتمالك نفسي!,phrasing,2,الجني لا يستطيع كبح نفسه
al,372," <14 64 00><10>سورا! دونالد! غوفي! ⏎ أنتم رائعون جدا!<14 D2 00><10>إن شعرتم برغبة في المزيد من الاستعراض ⏎ الكوني, ناديني, اتفقنا?"," <14 64 00><10>سورا! دونالد! غوفي! ⏎ أنتم رائعون جدا!<14 D2 00><10>إن شعرتم برغبة في المزيد من الاستعراض ⏎ الكوني, نادوني, اتفقنا?",grammar,2,نداء الجني للرفاق الثلاثة جمع
al,388,"وأنا متأكدة أن<13 AF 00 64 00><08 01 01 06> ⏎ الكنز لا علاقة ⏎ له بذلك, أليس كذلك?","وأنا متأكد أن<13 AF 00 64 00><08 01 01 06> ⏎ الكنز لا علاقة ⏎ له بذلك, أليس كذلك?",grammar,2,رفاق سورا المتحدثون ذكور
al,18118,منتجي الجديد يباع كالجنون! ⏎ هل تريد تجربته بنفسك?,منتجي الجديد يباع بكثرة! ⏎ هل تريد تجربته بنفسك?,phrasing,1,كثرة المبيعات لا تشبيه بالجنون
nm,5837,كيف يستطيع ساندي كلوز<13 4A 01 50 00><06 01><08 01 00 05> ⏎ أن يرتاح<10>مع كل هذا يحدث?,كيف يستطيع ساندي كلوز<13 4A 01 50 00><06 01><08 01 00 05> ⏎ أن يرتاح<10>وكل هذا يحدث?,grammar,1,ربط الحال بواو سليمة
nm,5866,"أم, سيدي سورا.","أم سورا, سيدي.",grammar,2,اسم سورا قبل النداء للسيد
nm,5872,"هل أنا على قائمتك أيضا بالصدفة?<14 72 00><10>إنه أنا, جاك!",هل أنا على قائمتك أيضا بالصدفة?<14 72 00><10>أنا جاك!,grammar,1,المتكلم أنا دون إنه
nm,5931,"حسنا, أنا متأخر في ⏎ تحضيراتي...<14 C8 00><10>  <14 14 00><10>حسنا.<14 3C 00><10>أخبر جاك أنني سأنتظره ⏎ في البيت.<14 87 00><10>كان لديه ما يقوله لي ⏎ عن الميلاد.","حسنا, أنا متأخر في ⏎ تحضيراتي...<14 C8 00><10>  <14 14 00><10>حسنا.<14 3C 00><10>أخبري جاك أنني سأنتظره ⏎ في البيت.<14 87 00><10>كان لديه ما يقوله لي ⏎ عن الميلاد.",grammar,2,سانتا يطلب من سالي إخبار جاك
nm,5953,حسنا إذن أيها الجاحد.<14 6E 00><10>ستندم يوم رفضت مساعدتي!,حسنا إذن أيها الجاحد.<14 6E 00><10>ستندم على رفض مساعدتي!,phrasing,1,الندم على رفض المساعدة
nm,5965,"لماذا, أيها...","أنت, أيها...",meaning,2,Why انفعال لا سؤال عن السبب
nm,6016,"في بلدة الهالوين.<14 64 00><10>ستحتاجون إليها ⏎ للميلاد, أليس كذلك يا ساندي?","في بلدة الهالوين.<14 64 00><10>ستحتاج إليها ⏎ للميلاد, أليس كذلك يا ساندي?",grammar,2,جاك يخاطب سانتا المفرد
nm,6090,"هذه المرة فقط على ما أظن<13 C8 00 82 00><06 00><08 01 00 06>. ⏎ إنه لسبب وجيه...<10>حسنا, استخدموا الطابق الثاني. ⏎ وضعوا فيها قلبا.","هذه المرة فقط على ما أظن<13 C8 00 82 00><06 00><08 01 00 06>. ⏎ إنه لسبب وجيه...<10>حسنا, استخدموا الطابق الثاني. ⏎ واصنعوها من القلب.",meaning,3,صنع بإخلاص لا إضافة قلب مادي
nm,6127,"اسمع يا جاك. ⏎ أريد أن أشكرك,<14 AF 00><10> <14 05 00><10>ومع أن توزيع الهدايا ⏎ أمر لا يقدر عليه غيري,<14 C8 00><10> <14 0A 00><10>أستطيع أن أعطيك فكرة ⏎ عما يشبهه.","اسمع يا جاك. ⏎ أريد أن أشكرك,<14 AF 00><10> <14 05 00><10>ومع أن توزيع الهدايا ⏎ أمر لا يقدر عليه غيري,<14 C8 00><10> <14 0A 00><10>أستطيع أن أعطيك فكرة ⏎ عن تجربة توزيعها.",phrasing,2,فكرة عن تجربة التوزيع لا شبيهه
nm,6148,لا تحتاج حتى أن تطلب ذلك.,لا تحتاجين لطلب ذلك.,grammar,2,جاك يجيب سالي مؤنث
nm,13974,همم... لم أتوقع أبدا أن تسعى تجربتي ⏎ إلى قلب لا تملكه.<10>سأضطر للعودة إلى ⏎ لوحة الرسم!!,همم... لم أتوقع أبدا أن تسعى تجربتي ⏎ إلى قلب لا تملكه.<10>سأضطر للبدء ⏎ من جديد!!,meaning,2,إعادة العمل لا لوحة رسم بعينها
nm,16740,"الأطفال أنفسهم فعلوها ⏎ من قبل, أليس كذلك?<10>لماذا لا يفهمون أنه ليس من الصواب ⏎ العبث بأغراض الآخرين?","أطفال المرة السابقة هم ⏎ من فعلها, أليس كذلك?<10>لماذا لا يفهمون أنه ليس من الصواب ⏎ العبث بأغراض الآخرين?",meaning,2,أطفال المرة السابقة هم المتهمون الآن
nm,19108,"هذه الآلة تصنع الهدايا, لكنها ⏎ ليست تعمل حاليا.","هذه الآلة تصنع الهدايا, لكنها ⏎ لا تعمل حاليا.",phrasing,1,اختصار نفي عمل الآلة
lk,4928,"مهلا, لماذا هذا الوجه الطويل يا سيمبا? ⏎ عليك أن تخفف وتعيش قليلا!","مهلا, لماذا هذا العبوس يا سيمبا? ⏎ عليك أن تمرح وتستمتع قليلا!",meaning,2,العبوس والترويح بدل طول الوجه
lk,8580,إ-إنه أنا--سورا! ⏎ دونالد وغوفي هنا أيضا.,أ-أنا--سورا! ⏎ دونالد وغوفي هنا أيضا.,grammar,1,تعريف المتكلم دون إنه
lk,8674,علينا أن نضحك كلما ⏎ سمعنا اسم ذلك الرجل.,نضحك حتما كلما ⏎ سمعنا اسم ذلك الرجل.,meaning,2,الضحك التلقائي لا وجوب الضحك
lk,8747,إذن توقف عن التذمر وافعل شيئا!,إذن توقف عن العبوس وافعل شيئا!,meaning,2,moping عبوس لا تذمر
lk,8754,الملك سيمبا الشكاك...,الملك سيمبا الحائر...,meaning,2,الحيرة في الذات لا الشك بالآخرين
lk,12892,"كان هناك... لكنه مات<13 D0 00 51 00><08 01 01 05>... ⏎ وهو لا يزال جروا.<10>كان ابن ملكنا ⏎ الأخير, موفاسا.","كان هناك... لكنه مات<13 D0 00 51 00><08 01 01 05>... ⏎ وهو لا يزال شبلا.<10>كان ابن ملكنا ⏎ الأخير, موفاسا.",meaning,2,شبل الأسد لا جرو الكلب
lk,12919,"لا, ليس اليوم<13 FB 00 56 01><08 01 01 01>!<10>لكن الضباع في مقبرة ⏎ الفيلة قد تعرف أكثر.<10>لا يهم, مع ذلك. القليل ما يستطيع ⏎ سيمبا الأخير فعله.","لا, ليس اليوم<13 FB 00 56 01><08 01 01 01>!<10>لكن الضباع في مقبرة ⏎ الفيلة قد تعرف أكثر.<10>لا يهم, مع ذلك. القليل ما يستطيع ⏎ سيمبا الآن فعله.",meaning,3,of late مؤخرا لا آخر سيمبا
lk,14236,أنا متأكدة أن موفاسا ينظر إلى ⏎ سيمبا بفخر.<10>أدعو أن تعيش حياة تفخر بها ⏎ أحباؤك أيضا.,أنا متأكدة أن موفاسا ينظر إلى ⏎ سيمبا بفخر.<10>أدعو أن تعيش حياة يفخر بها ⏎ أحباؤك أيضا.,grammar,2,أحباؤك فاعل عاقل مذكر
lk,19404,تفادى الهجمات بالقفز!,تفاد الهجمات بالقفز!,grammar,2,حذف ألف المقصور من الأمر
lk,19254,"كهف الملك هناك, حيث حكم ⏎ صف طويل من الملوك.<10>الآن لا يوجد فيه سوى ⏎ مدعين للعرش.","كهف الملك هناك, حيث حكمت ⏎ سلسلة طويلة من الملوك.<10>الآن لا يوجد فيه سوى ⏎ مدعين للعرش.",meaning,2,تعاقب ملوك لا صف مكاني
lk,21525,"<17 07 B4>  ⏎ مع وجود سكار ملكا, المملكة محكوم عليها. ⏎ لو كان هناك فقط من يحكم ⏎ أراضي الكبرياء. لا تستطيع نالا إلا أن تتساءل ⏎ كم ستكون الأمور مختلفة لو ⏎ كان سيمبا لا يزال حيا. ⏎   ⏎ عندما يشرح سورا أنه قاتل مع ⏎ سيمبا قبل عام فقط, تكاد نالا لا ⏎ تستطيع إخفاء فرحتها. ربما هناك أمل ⏎ بعد كل شيء. ⏎ ","<17 07 B4>  ⏎ مع وجود سكار ملكا, مصير المملكة الهلاك. ⏎ لو كان هناك فقط من يحكم ⏎ أراضي الكبرياء. لا تستطيع نالا إلا أن تتساءل ⏎ كم ستكون الأمور مختلفة لو ⏎ كان سيمبا لا يزال حيا. ⏎   ⏎ عندما يشرح سورا أنه قاتل مع ⏎ سيمبا قبل عام فقط, تكاد نالا لا ⏎ تستطيع إخفاء فرحتها. ربما هناك أمل ⏎ بعد كل شيء. ⏎ ",meaning,2,إكمال مصير الهلاك لا حكم مبهم
lm,5038,هذا هو الصوت الذي سمعته! أنا متأكدة!,هذا هو الصوت الذي سمعته! أنا متأكد!,grammar,2,تذكير إريك المتحدث
lm,5212,اتركها!,اتركيها!,grammar,2,مخاطبة أورسولا المؤنثة
lm,5223,أنت--أنت وحش! اتركه!,أنت--أنت وحش! اتركيه!,grammar,2,مخاطبة أورسولا المؤنثة
lm,5239,أن أفكر...,يا للعجب...,phrasing,1,التعجب لا فعل التفكير
lm,5243,هل ستعلمني?,هل ستعلمينني?,grammar,2,مخاطبة آرييل المؤنثة
lm,5283,"عزيزي, الأفضل هنا حيث الماء أكثر<13 FA 00 90 01><0E 0A><0E 00>","عزيزتي, الأفضل هنا حيث الماء أكثر<13 FA 00 90 01><0E 0A><0E 00>",grammar,2,تأنيث مخاطبة آرييل
lm,5293,يشعرون بالرغبة ويبدؤون اللعب<13 FA 00 90 01><0E 0A>.<0E 00>,يشعرون بالرغبة ويبدؤون العزف<13 FA 00 90 01><0E 0A>.<0E 00>,meaning,2,العزف لا اللعب
lm,5298,لدينا فرقة قشريات ساخنة<13 FA 00 90 01><0E 0A>.<0E 00>,لدينا فرقة قشريات حماسية<13 FA 00 90 01><0E 0A>.<0E 00>,phrasing,1,حماس الفرقة لا حرارتها
lm,5295,عندما تبدأ السردين رقصة البيجين<13 FA 00 90 01><0E 0A><0E 00>,عندما يبدأ السردين رقصة البيجين<13 FA 00 90 01><0E 0A><0E 00>,grammar,1,تذكير اسم السردين
lm,7939,"غوفي, الآن دورك<13 40 01 2C 01><08 01 01 00>. ⏎ هل تظن أنك تستطيع أفضل?","غوفي, الآن دورك<13 40 01 2C 01><08 01 01 00>. ⏎ هل تظن أنك تؤدي أفضل?",grammar,2,إكمال معنى الأداء
lm,8815,"كله سيان, إن كان هدفك ثابتا<13 FA 00 90 01><0E 0A><0E 00>","كله سيان, إن كان تصويبك ثابتا<13 FA 00 90 01><0E 0A><0E 00>",meaning,2,ثبات التصويب لا الهدف
lm,8938,"حالا! أمكما تحتاجكما<13 FA 00 90 01><0E 0A>.<0E 00><14 DB 00><10><0E 0A>حطما أولئك الحمقى, واجعلاهما يتلويان!<0E 00>","حالا! أمكما تحتاجكما<13 FA 00 90 01><0E 0A>.<0E 00><14 DB 00><10><0E 0A>حطما أولئك الحمقى, واجعلاهم يتلوون!<0E 00>",grammar,2,تثنية المخاطبين وجمع الخصوم
lm,14602,دمياتكم الصغيرة انتهت<13 FA 00 90 01>!,حبيباك الصغيران انتهيا<13 FA 00 90 01>!,meaning,2,تابعا أورسولا لا دمى
lm,18159,آرييل تريد إعادة شيء أسقطه ⏎ بشري? ماذا تفكر?,آرييل تريد إعادة شيء أسقطه ⏎ بشري? بماذا تفكر?,grammar,1,إضافة حرف جر التفكير
lm,18166,أتساءل إن كان ما قاله ⏎ سيباستيان صحيحا.<10>كيف سأصل ⏎ إليها...?,أتساءل إن كان ما قاله ⏎ سيباستيان صحيحا.<10>كيف سأقنعها ⏎ بكلامي...?,meaning,2,إيصال الكلام إلى آرييل
lm,21535,"<17 07 B4>  ⏎ تم إصلاح كل شيء, وعاد ⏎ السلام إلى المملكة. ⏎   ⏎ الآن حان وقت أن يقدم سورا مسرحية ⏎ غنائية لآرييل وسكان ⏎ أطلنطيكا الآخرين كما وعد. ⏎   ⏎ لتضع هذه الأمسية الابتسامة على ⏎ وجه الجميع! ⏎   ⏎ ","<17 07 B4>  ⏎ تم إصلاح كل شيء, وعاد ⏎ السلام إلى المملكة. ⏎   ⏎ الآن حان وقت أن يقدم سورا مسرحية ⏎ غنائية لآرييل وسكان ⏎ أطلنطيكا الآخرين كما وعد. ⏎   ⏎ ليضع هذا العرض الابتسامة على ⏎ وجه الجميع! ⏎   ⏎ ",meaning,1,ذكر العرض في الملخص
tr,892,اصرف يا سارك.<14 60 00><10>أوقف أي شذوذ متبق ⏎ في النظام--وإلا.<14 D2 00><10>نهاية الخط.,انصرف يا سارك.<14 60 00><10>أوقف أي شذوذ متبق ⏎ في النظام--وإلا.<14 D2 00><10>نهاية الخط.,grammar,2,تصحيح أمر الانصراف
tr,1021,"ذلك البرنامج<13 FA 00 50 00><08 01 00 05> ⏎ يجب أن ينتهي ⏎ الآن, ألا تظنون?","ذلك البرنامج<13 FA 00 50 00><08 01 00 05> ⏎ يفترض أنه جاهز ⏎ الآن, ألا تظنون?",meaning,2,الجاهزية المتوقعة الآن
tr,16135,اهز القطع!,هز القطع!,grammar,1,تصحيح أمر الهز
tr,16136,احذر من القطع التي تغير لونها!,راقب القطع التي تغير لونها!,meaning,2,مراقبة القطع لا تجنبها
tr,17900,"زرنا عوالم كثيرة مختلفة, لكن هذا ⏎ هو الأفضل!<10>ما زلت لا أصدق أن كل شيء هنا ⏎ بيانات!","زرنا عوالم كثيرة مختلفة, لكن هذا ⏎ هو الأغرب!<10>ما زلت لا أصدق أن كل شيء هنا ⏎ بيانات!",meaning,2,الأغرب لا الأفضل
po,4664,"آه, نعم.<14 5A 00><10>في الواقع كنت على وشك ⏎ تمارين السمنة.<14 FA 00><10>هل تود الانضمام إلي يا سورا?","آه, نعم.<14 5A 00><10>في الواقع كنت على وشك ⏎ بدء تمارين السمنة.<14 FA 00><10>هل تود الانضمام إلي يا سورا?",grammar,1,إكمال فعل بدء التمارين
po,4736,لكن ألا ينتمي ذلك العسل ⏎ إلى أحد?,لكن ألا يعود ذلك العسل ⏎ إلى أحد?,phrasing,1,ملكية العسل لا انتماؤه
po,4815,يبدو أن لدينا<13 F0 00 46 00><06 00><08 01 00 05> ⏎ بعض الوقت.<10>لماذا لا أكمل ⏎ من حيث توقفت?<10>ابن عمي--أي ابن ⏎ أخت أبي الأصغر--,يبدو أن لدينا<13 F0 00 46 00><06 00><08 01 00 05> ⏎ بعض الوقت.<10>لماذا لا أكمل ⏎ من حيث توقفت?<10>ابن عمتي--أي ابن ⏎ أخت أبي الصغرى--,meaning,2,قرابة العمة وتأنيثها
po,4817,"قل, لا داعي للحماس<13 5E 01 64 00><06 00><08 01 00 05>...<10>لا يجب أن تذهب إن لم ترد.<10>لكن قبل أن تغادر...","قل, لا داعي للحماس<13 5E 01 64 00><06 00><08 01 00 05>...<10>ليس عليك أن تذهب إن لم ترد.<10>لكن قبل أن تغادر...",meaning,2,نفي الإلزام لا منع الذهاب
po,4849,"سأكون معك دائما--هنا.<14 C8 00><10>لا يجب أن تذهب إلى أي مكان.<14 78 00><10>ابق هنا فقط, وتستطيع ⏎ رؤيتي في أي وقت تريد.","سأكون معك دائما--هنا.<14 C8 00><10>لا تحتاج للذهاب إلى أي مكان.<14 78 00><10>ابق هنا فقط, وتستطيع ⏎ رؤيتي في أي وقت تريد.",meaning,2,نفي الحاجة لا حظر التنقل
po,18330,يبدو أنها كان يفترض أن تقرأ: ملفوف,يبدو أن الصواب: ملفوف,phrasing,1,توضيح النص المقصود على اللافتة
po,18333,يقرأ هذا صندوق البريد: الأرنب.,على صندوق البريد هذا: الأرنب.,grammar,1,تحديد المكتوب على الصندوق
po,18336,يقرأ صندوق البريد الصغير هذا: بيركيت.,على صندوق البريد الصغير هذا: بيركيت.,grammar,1,وصف كتابة صندوق البريد
po,18339,تقرأ صناديق البريد هذه: كانغا ورو.,على صناديق البريد هذه: كانغا ورو.,grammar,1,وصف كتابة صناديق البريد
po,18340,يقرأ صندوق البريد هذا: كانغا.,على صندوق البريد هذا: كانغا.,grammar,1,وصف كتابة صندوق البريد
wi,5534,هذه كلمات قتال!,هذا تحد للقتال!,phrasing,1,صياغة التحدي بالقتال
wi,5593,مهلا! انظروا إلى المدافع اللعبة!,مهلا! انظروا إلى مدافع اللعب!,grammar,1,تركيب مدافع اللعب
wi,5602,مهلا! انظروا إلى المدافع اللعبة!,مهلا! انظروا إلى مدافع اللعب!,phrasing,1,اتساق مدافع اللعب
wi,5632,آه... أشتاق إلى تلك الأيام الجميلة...<14 B4 00><10>ماذا لن أعطي لأعود بالزمن...,آه... أشتاق إلى تلك الأيام الجميلة...<14 B4 00><10>لأعطيت أي شيء لأعود بالزمن...,meaning,2,الاستعداد لبذل أي شيء
wi,5633,ماذا لن أعطي...,لأعطيت أي شيء...,phrasing,2,تكرار عبارة الشوق
wi,18487,"كان ذلك بيت, أليس كذلك?<10>هل هو أنا فقط, أم بدا مختلفا ⏎ بطريقة ما?","كان ذلك بيت, أليس كذلك?<10>أيخيل إلي, أم بدا مختلفا ⏎ بطريقة ما?",phrasing,1,صياغة التساؤل عن الانطباع
jm,10689,اتبع دليل آياغو! ⏎  ⏎ ,اتبع آياغو! ⏎  ⏎ ,phrasing,1,اتباع آياغو لا دليل مادي
jm,10744,"قوة غريبة تنفخ سورا خارج ⏎ الكتاب. وعند عودته, يجد ⏎ أن بيت بوه وحده بقي. ⏎  ⏎ ","قوة غريبة تقذف سورا خارج ⏎ الكتاب. وعند عودته, يجد ⏎ أن بيت بوه وحده بقي. ⏎  ⏎ ",meaning,2,قذف سورا خارج الكتاب
jm,10788,"عند وصوله إلى وادي, حار ⏎ سورا في جسده الجديد. الأفضل ⏎ أن يتدرب على الحركة فيه!","عند وصوله إلى واد, حار ⏎ سورا في جسده الجديد. الأفضل ⏎ أن يتدرب على الحركة فيه!",grammar,1,جر الاسم المنقوص النكرة
jm,10856,خلف باب ميرلين عالم ⏎ بالأبيض والأسود يبدو ⏎ للفريق مألوفا إلى حد ما. ⏎  ⏎ ,خلف باب ميرلين عالم ⏎ بالأبيض والأسود يبدو ⏎ للفريق باعثا للحنين إلى حد ما. ⏎  ⏎ ,meaning,1,إظهار الحنين في الوصف
jm,10932,استعاد القراصنة كل الذهب. ⏎ الآن يجب أن يسدد الدم. ⏎ الاحتفال على وشك أن يبدأ. ⏎  ⏎ ,استعاد القراصنة كل الذهب. ⏎ الآن يجب أن يسدد الدم. ⏎ الطقس على وشك أن يبدأ. ⏎  ⏎ ,meaning,2,طقس كسر اللعنة لا احتفال
jm,10970,تعقب سورا كلمة السر. ⏎ الآن يتوجهون إلى فضاء ⏎ بيانات دي تي دي مع ترون. ⏎  ⏎ ,وجد سورا كلمة السر. ⏎ الآن يتوجهون إلى فضاء ⏎ بيانات دي تي دي مع ترون. ⏎  ⏎ ,meaning,1,العثور على كلمة السر
jm,11050,"ومن ظهر وجهه في النهاية? ⏎ زيمناس, زعيم منظمة <X 5E>. هويته ⏎ الحقيقية زيهانورت, تلميذ ⏎ أنسيم الحكيم. حاول سورا ⏎ أن يسأل عن ريكو وكايري, لكن ⏎ زيمناس قال له ""اسأل ملكك"" ⏎ واختفى في الظلام. ثم ظهر ⏎ آكسل, محذرا سورا أن المنظمة ⏎ تستغله. وفي حيرة من الإجابات, ⏎ أحاط بلا قلب بسورا--ثم ⏎ ظهر شعاع من الضوء... ⏎ وسط الكثير من التكهنات, ⏎ انتهت المعركة بنهاية مؤقتة. ⏎  ⏎ ","ومن ظهر وجهه في النهاية? ⏎ زيمناس, زعيم منظمة <X 5E>. هويته ⏎ الحقيقية زيهانورت, تلميذ ⏎ أنسيم الحكيم. حاول سورا ⏎ أن يسأل عن ريكو وكايري, لكن ⏎ زيمناس قال له ""اسأل ملكك"" ⏎ واختفى في الظلام. ثم ظهر ⏎ آكسل, محذرا سورا أن المنظمة ⏎ تستغله. وفي حيرة بلا إجابات, ⏎ أحاط بلا قلب بسورا--ثم ⏎ ظهر شعاع من الضوء... ⏎ وسط الكثير من التكهنات, ⏎ انتهت المعركة بنهاية مؤقتة. ⏎  ⏎ ",meaning,2,الحيرة لغياب الإجابات
jm,11074,"أخذ زالدين وردة الوحش ⏎ الثمينة. وبقلب مكسور, ⏎ حاول الوحش إخراج بيل ⏎ ونحن من القلعة. كانت ⏎ الوردة مفتاح كسر اللعنة ⏎ التي أصابت الوحش وخدمه; ⏎ كانت أملهم الوحيد. ⏎  ⏎ ","أخذ زالدين وردة الوحش ⏎ الثمينة. وبقلب مكسور, ⏎ حاول الوحش إخراج بيل ⏎ وإيانا من القلعة. كانت ⏎ الوردة مفتاح كسر اللعنة ⏎ التي أصابت الوحش وخدمه; ⏎ كانت أملهم الوحيد. ⏎  ⏎ ",grammar,2,نصب ضمير المفعول
jm,11081,"بعد صراع مرير, تمكنا من ⏎ احتواء سيربيروس والهروب من ⏎ العالم السفلي. وفي الوقت ⏎ نفسه, كان هاديس يبحث عن ⏎ طريقة لاستخدام كيبلايد سورا ⏎ لفتح كولوسيوم العالم السفلي. ⏎  ⏎ ","بعد صراع مرير, تمكنا من ⏎ صد سيربيروس والهروب من ⏎ العالم السفلي. وفي الوقت ⏎ نفسه, كان هاديس يبحث عن ⏎ طريقة لاستخدام كيبلايد سورا ⏎ لفتح كولوسيوم العالم السفلي. ⏎  ⏎ ",phrasing,1,اتساق كبح سيربيروس
jm,11084,"عندما عاد هرقل, ⏎ عاد بقلب ثقيل. ⏎  ⏎ ","عندما عاد هرقل, ⏎ عاد بقلب حزين. ⏎  ⏎ ",phrasing,1,إظهار الحزن في عودة هرقل
jm,11144,"عندما تحدث سورا إلى بوه, ⏎ نفخته قوة غريبة خارج ⏎ الكتاب, الذي كان على ⏎ وشك أن يسرقه بلا قلب. ⏎ استعاده سورا ودخل, ليجد ⏎ أن بيت بوه هو كل ما تبقى. ⏎  ⏎ ","عندما تحدث سورا إلى بوه, ⏎ قذفته قوة غريبة خارج ⏎ الكتاب, الذي كان على ⏎ وشك أن يسرقه بلا قلب. ⏎ استعاده سورا ودخل, ليجد ⏎ أن بيت بوه هو كل ما تبقى. ⏎  ⏎ ",phrasing,2,اتساق قذف سورا خارج الكتاب
jm,11166,"وصلنا إلى وادي, لنتعرض ⏎ لتهديد الضباع. كان علينا ⏎ التدرب على الحركة ليعتاد ⏎ سورا ودونالد وغوفي على ⏎ ""ثياب"" الأدغال الجديدة. ⏎  ⏎ ","وصلنا إلى واد, لنتعرض ⏎ لتهديد الضباع. كان علينا ⏎ التدرب على الحركة ليعتاد ⏎ سورا ودونالد وغوفي على ⏎ ""ثياب"" الأدغال الجديدة. ⏎  ⏎ ",grammar,1,جر الاسم المنقوص النكرة
jm,11179,"التقينا بالضباع في ⏎ السافانا. لم تستطع إلا ⏎ الضحك عند مجرد ذكر سيمبا, ⏎ الملك الجديد. وبدافع ⏎ الغرابة, انطلقنا لنرى ⏎ سيمبا عندما ظهر شبح سكار. ⏎  ⏎ ","التقينا بالضباع في ⏎ السافانا. لم تستطع إلا ⏎ الضحك عند مجرد ذكر سيمبا, ⏎ الملك الجديد. وبسبب ⏎ الغرابة, انطلقنا لنرى ⏎ سيمبا عندما ظهر شبح سكار. ⏎  ⏎ ",phrasing,1,سبب الارتياب لا رغبة الغرابة
jm,11200,"دخلنا العالم خلف الباب ⏎ الغامض, حيث واجهنا ⏎ عالما بالأبيض والأسود ⏎ مألوفا إلى حد ما. ⏎  ⏎ ","دخلنا العالم خلف الباب ⏎ الغامض, حيث واجهنا ⏎ عالما بالأبيض والأسود ⏎ باعثا للحنين إلى حد ما. ⏎  ⏎ ",phrasing,1,اتساق وصف الحنين
jm,11219,"تتبعنا آثار الثلاثي ⏎ عائدين إلى بلدة ⏎ الهالوين ووجدنا ⏎ المشاغبين الثلاثة, الذين ⏎ قالوا إن أوغي عاد--قبل ⏎ أن يهربوا. عندها علم ⏎ الفريق أن مالفيسنت أعادت ⏎ أوغي إلى الحياة! كان ⏎ حدس سالي صحيحا. وأوغي ⏎ المنتعش حديثا خطف سانتا! ⏎  ⏎ ","تتبعنا آثار الثلاثي ⏎ عائدين إلى بلدة ⏎ الهالوين ووجدنا ⏎ المشاغبين الثلاثة, الذين ⏎ قالوا إن أوغي عاد--قبل ⏎ أن يهربوا. عندها علم ⏎ الفريق أن مالفيسنت أعادت ⏎ أوغي إلى الحياة! كان ⏎ حدس سالي صحيحا. وأوغي ⏎ العائد للحياة خطف سانتا! ⏎  ⏎ ",meaning,2,عودة أوغي إلى الحياة
jm,11243,"انتهت معركتنا مع باربوسا ⏎ بالنصر, وبفضل لعنة ⏎ جاك نفسه, لا أقل! سعد ⏎ ويل وإليزابيث بالاجتماع ⏎ من جديد, وأبحر جاك ⏎ على اللؤلؤة مرة أخرى. ⏎  ⏎ ","انتهت معركتنا مع باربوسا ⏎ بالنصر, وبفضل لعنة ⏎ جاك نفسه, يا للعجب! سعد ⏎ ويل وإليزابيث بالاجتماع ⏎ من جديد, وأبحر جاك ⏎ على اللؤلؤة مرة أخرى. ⏎  ⏎ ",phrasing,1,التعجب من نفع اللعنة
jm,11361,طار بلا قلب الذين ظهروا ⏎ من تونغ شاو نحو المدينة,طار بلا قلب الذي ظهر ⏎ من تونغ شاو نحو المدينة,phrasing,2,مفرد تنين العواصف في الملخص
jm,11461,"صديقة ريكو وسورا منذ ⏎ الطفولة, وإحدى الأميرات ⏎ السبع المرتبطات بالمفاتيح ⏎ وثقوب المفاتيح. منذ زمن ⏎ غير بعيد, عندما ضاعت في ⏎ الظلام, حاول ريكو وسورا ⏎ إنقاذها, كل بطريقته. ⏎  ⏎ بفضلهما, تمكنت كايري من ⏎ العودة إلى جزر موطنها, لكن ⏎ ذكرياتها عن سورا اختفت, ⏎ وتوقفت قريبا عن زيارة الجزيرة ⏎ الصغيرة التي لعبا فيها يوما.","صديقة ريكو وسورا منذ ⏎ الطفولة, وإحدى الأميرات ⏎ السبع المرتبطات بالمفاتيح ⏎ وثقوب المفاتيح. منذ زمن ⏎ غير بعيد, عندما ضاعت في ⏎ الظلام, حاول ريكو وسورا ⏎ إنقاذها, كل بطريقته. ⏎  ⏎ بفضلهما, تمكنت كايري من ⏎ العودة إلى جزر موطنها, لكن ⏎ ذكرياتها عن سورا اختفت, ⏎ وتوقفت قريبا عن زيارة الجزيرة ⏎ الصغيرة التي لعبوا فيها يوما.",phrasing,2,جمع الأصدقاء الثلاثة
jm,11507,"لدى تشيكن ليتل شجاعة ⏎ وقلب أكثر من معظم ⏎ الأولاد بضعف حجمه. ⏎ لا يتراجع أبدا عن ⏎ تحد, مهما كان كبيرا. ⏎  ⏎ هو صديق وفي لسورا, ⏎ وسريع دائما في ⏎ تلبية نداء المساعدة.","لدى تشيكن ليتل شجاعة ⏎ وعزيمة تفوق عزيمة معظم ⏎ الأولاد بضعف حجمه. ⏎ لا يتراجع أبدا عن ⏎ تحد, مهما كان كبيرا. ⏎  ⏎ هو صديق وفي لسورا, ⏎ وسريع دائما في ⏎ تلبية نداء المساعدة.",phrasing,1,العزيمة بدل مقدار القلب
jm,11519,سعيد بانضمامك إلينا! ⏎ اسمي كريكت--جيميني ⏎ كريكت. طلبت مني ⏎ الملكة ميني أن أرافق ⏎ هذه المهمة كمؤرخ ⏎ ملكي. وكم كانت مغامرة! ⏎  ⏎ ربما تتذكر أنني أساعد ⏎ صديقي بينوكيو أيضا ⏎ كضميره الرسمي. أحاول ⏎ إبقاء الصغير على ⏎ الطريق المستقيم وأريه ⏎ الصواب من الخطأ. إنه ⏎ يشكل عبئا أحيانا فعلا.,سعيد بانضمامك إلينا! ⏎ اسمي كريكت--جيميني ⏎ كريكت. طلبت مني ⏎ الملكة ميني أن أرافق ⏎ هذه المهمة كمؤرخ ⏎ ملكي. وكم كانت مغامرة! ⏎  ⏎ ربما تتذكر أنني أساعد ⏎ صديقي بينوكيو أيضا ⏎ كضميره الرسمي. أحاول ⏎ إبقاء الصغير على ⏎ الطريق المستقيم وأريه ⏎ الصواب من الخطأ. إنه ⏎ يسبب متاعب أحيانا فعلا.,phrasing,1,مشاغبة بينوكيو لا كونه عبئا
jm,11539,"فتى يعيش في بلدة ⏎ الشفق ولديه مشكلة ⏎ موقف بعض الشيء. ما ⏎ إن تخطر له فكرة حتى ⏎ يجب أن يعيشها--فيسحب ⏎ بنس وأوليت معه. ⏎  ⏎ هناك عداء بين هاينر ⏎ وسايفر--""المنضبط"" ⏎ المعين ذاتيا في البلدة.","فتى يعيش في بلدة ⏎ الشفق ولديه حدة ⏎ في طباعه بعض الشيء. ما ⏎ إن تخطر له فكرة حتى ⏎ يجب أن يعيشها--فيسحب ⏎ بنس وأوليت معه. ⏎  ⏎ هناك عداء بين هاينر ⏎ وسايفر--""ضابط النظام"" ⏎ المعين ذاتيا في البلدة.",meaning,2,طباع هاينر ودور سايفر
jm,11549,"أحد أتباع سايفر. لا ⏎ تقول كلمة أكثر مما يلزم, ⏎ مما يؤدي إلى ""كلمات ⏎ مفردة"" غير عادية جدا. ⏎  ⏎ لدى فو ثقة سايفر الكاملة, ⏎ وترى مهمتها في الحياة ⏎ في جعل نفسها مفيدة له.","إحدى أتباع سايفر. لا ⏎ تقول كلمة أكثر مما يلزم, ⏎ مما يؤدي إلى ""كلمات ⏎ مفردة"" غير عادية جدا. ⏎  ⏎ لدى فو ثقة سايفر الكاملة, ⏎ وترى مهمتها في الحياة ⏎ في جعل نفسها مفيدة له.",grammar,1,تأنيث فو في الوصف
jm,11551,مقامر جوال مستعد ⏎ لأي لعبة وأي تحد. ⏎ قد يلقي حياته ⏎ على الرقائق ويترك ⏎ الحظ يختار مساره. ⏎  ⏎ سيتزر هو الفائز السابق ⏎ في الصراع. يتبعه ⏎ عادة جيش من الفتيات ⏎ الصارخات العاشقات.,مقامر جوال مستعد ⏎ لأي لعبة وأي تحد. ⏎ قد يراهن بحياته ⏎ في لعبة ويترك ⏎ الحظ يختار مساره. ⏎  ⏎ سيتزر هو الفائز السابق ⏎ في الصراع. يتبعه ⏎ عادة جيش من الفتيات ⏎ الصارخات العاشقات.,meaning,2,المقامرة بالحياة لا الرقائق
jm,11621,ابن السيدة بوتس ⏎ الصغير. أصبح تشيب ⏎ فنجان شاي عندما ⏎ سحرت ساحرة القلعة. ⏎  ⏎ سنه الأمامية المفقودة ⏎ أصبحت رقاقة صغيرة ⏎ على حافة هذا الفنجان.,ابن السيدة بوتس ⏎ الصغير. أصبح تشيب ⏎ فنجان شاي عندما ⏎ سحرت ساحرة القلعة. ⏎  ⏎ سنه الأمامية المفقودة ⏎ أصبحت ثلمة صغيرة ⏎ على حافة هذا الفنجان.,meaning,2,ثلمة حافة الفنجان
jm,11695,"ضابط شاب موهوب ⏎ أبوه جنرال مرموق في ⏎ الجيش الإمبراطوري. ⏎  ⏎ على القائد شانغ تدريب ⏎ مجموعة غير منظمة من ⏎ المجندين الذين جندوا ⏎ للمساعدة في قتال الهون. ⏎ إنه صارم في الانضباط فعلا, ⏎ لا بد أن يديه مشغولتان ⏎ بتأهيل جنوده عديمي الخبرة.","ضابط شاب موهوب ⏎ أبوه جنرال مرموق في ⏎ الجيش الإمبراطوري. ⏎  ⏎ على القائد شانغ تدريب ⏎ مجموعة غير منظمة من ⏎ المجندين الذين جندوا ⏎ للمساعدة في قتال الهون. ⏎ إنه صارم في الانضباط فعلا, ⏎ لا بد أنه مشغول جدا ⏎ بتأهيل جنوده عديمي الخبرة.",phrasing,1,انشغال شانغ لا وصف يديه
jm,11729,"أصغر سكان غابة ⏎ المئة فدان. يتطلع ⏎ رو إلى تيغر, ويحلم ⏎ بالقفز مثله يوما ما.","أصغر سكان غابة ⏎ المئة فدان. يقتدي ⏎ رو بتيغر, ويحلم ⏎ بالقفز مثله يوما ما.",phrasing,1,اقتداء رو بتيغر
jm,11763,ضبع جبان يكره الأسود. ⏎ تتولى شينزي القيادة ⏎ عندما تدبر هي وأصدقاؤها ⏎ المقالب. وهي سريعة دائما ⏎ في اتباع القائد الأقوى.,ضبعة جبانة تكره الأسود. ⏎ تتولى شينزي القيادة ⏎ عندما تدبر هي وأصدقاؤها ⏎ المقالب. وهي سريعة دائما ⏎ في اتباع القائد الأقوى.,grammar,2,تأنيث شينزي في وصفها
jm,11851,"عضو آخر في ثلاثي ⏎ المشاغبين. شوك أمكر ⏎ الثلاثة, وتبتكر ⏎ الكثير من أفكارهم ⏎ للمقالب. آخر مرة هزم ⏎ فيها أوغي, بدأت تتصرف ⏎ بشكل أفضل--حسنا, ⏎ أفضل قليلا فقط.","عضوة أخرى في ثلاثي ⏎ المشاغبين. شوك أمكر ⏎ الثلاثة, وتبتكر ⏎ الكثير من أفكارهم ⏎ للمقالب. آخر مرة هزم ⏎ فيها أوغي, بدأت تتصرف ⏎ بشكل أفضل--حسنا, ⏎ أفضل قليلا فقط.",grammar,2,تأنيث عضوية شوك
jm,11871,"حداد سيوف موهوب جدا. ⏎ عندما كان صبيا, أنقذ في ⏎ البحر بعد أن أحرق القراصنة ⏎ سفينته وتركوه ليغرق. ⏎ في وقت إنقاذه تقريبا, ⏎ اختفت ميدالية القراصنة ⏎ التي أعطاه إياها أبوه. ⏎  ⏎ كانت إليزابيث سوان الصغيرة ⏎ على متن السفينة التي أنقذت ⏎ ويل, وهما صديقان منذ ذلك ⏎ الحين. وبما أن أبا إليزابيث ⏎ حاكم ميناء رويال, فإن ويل ⏎ خجول بعض الشيء ورسمي حولها.","حداد سيوف موهوب جدا. ⏎ عندما كان صبيا, أنقذ في ⏎ البحر بعد أن أحرق القراصنة ⏎ سفينته وتركوه ليغرق. ⏎ في وقت إنقاذه تقريبا, ⏎ اختفت ميدالية القراصنة ⏎ التي أعطاه إياها أبوه. ⏎  ⏎ كانت إليزابيث سوان الصغيرة ⏎ على متن السفينة التي أنقذت ⏎ ويل, وهما صديقان منذ ذلك ⏎ الحين. وبما أن أبا إليزابيث ⏎ حاكم ميناء رويال, فإن ويل ⏎ خجول بعض الشيء ورسمي معها.",phrasing,1,رسمي مع إليزابيث
jm,11875,"ابنة حاكم ميناء رويال. ⏎ لحماية ويل, أخفت ميدالية ⏎ القراصنة عن أبيها ورجاله. ⏎ ولأنها رومانسية بعض الشيء ⏎ بشأن حياة القراصنة, تحب أن ⏎ تسترق النظر إلى الميدالية ⏎ بين الحين والآخر. ⏎  ⏎ ويل خجول ورسمي بعض ⏎ الشيء حول إليزابيث بسبب ⏎ منصب أبيها. وهي تتمنى ⏎ نوعا ما ألا يكون كذلك.","ابنة حاكم ميناء رويال. ⏎ لحماية ويل, أخفت ميدالية ⏎ القراصنة عن أبيها ورجاله. ⏎ ولأنها رومانسية بعض الشيء ⏎ بشأن حياة القراصنة, تحب أن ⏎ تسترق النظر إلى الميدالية ⏎ بين الحين والآخر. ⏎  ⏎ ويل خجول ورسمي بعض ⏎ الشيء مع إليزابيث بسبب ⏎ منصب أبيها. وهي تتمنى ⏎ نوعا ما ألا يكون كذلك.",phrasing,1,اتساق التعامل مع إليزابيث
jm,11877,"قرصان يبحر في أعالي ⏎ البحار. إنه شخصية ملونة ⏎ فعلا, ويقدر حريته حقا. ⏎ يقول إنه قبطان, لكن ⏎ لا يبدو أن لديه طاقما. ⏎  ⏎ اعتقل جاك في ميناء رويال ⏎ وألقي في السجن, لكن ويل ⏎ تيرنر ساعده على الهرب أثناء ⏎ هجوم القراصنة. يبدو أن ⏎ جاك يعرف شيئا خاصا عن اسم ⏎ ويل. أتساءل ما عساه يكون.","قرصان يبحر في أعالي ⏎ البحار. إنه شخصية طريفة ⏎ فعلا, ويقدر حريته حقا. ⏎ يقول إنه قبطان, لكن ⏎ لا يبدو أن لديه طاقما. ⏎  ⏎ اعتقل جاك في ميناء رويال ⏎ وألقي في السجن, لكن ويل ⏎ تيرنر ساعده على الهرب أثناء ⏎ هجوم القراصنة. يبدو أن ⏎ جاك يعرف شيئا خاصا عن اسم ⏎ ويل. أتساءل ما عساه يكون.",meaning,2,تمييز طرافة شخصية جاك
jm,11951,"يحلق عموما ويستطلع ⏎ المنطقة. عندما ينقض, استخدم ⏎ صرخة الخفاش للإمساك به ⏎ ومهاجمة الأعداء المحيطين. ⏎  ⏎ بعد هذه الهجمة, استخدم الهجمات ⏎ المتتابعة وهو في الجو لهزيمته.","يحلق عموما ويستطلع ⏎ المنطقة. عندما ينقض, استخدم ⏎ صرخة الخفاش للإمساك به ⏎ ومهاجمة الأعداء المحيطين. ⏎  ⏎ بعد هذه الهجمة, استخدم الهجمات ⏎ المتتابعة وأنت في الجو لهزيمته.",meaning,2,الهجمات الجوية للاعب
jm,11993,"تجنب إصابته برمحه ⏎ باستخدام هجمة القفز ⏎ المحصنة جيدا لهزيمته. ⏎  ⏎ عندما ينخفض HP, تصبح ⏎ هجماته جريئة. استخدم ⏎ هجمات كبيرة لهزيمته ⏎ قبل أن يستخدم ⏎ هجمته المتفجرة.","تجنب إصابتك برمحه ⏎ باستخدام هجمة القفز ⏎ المحصنة جيدا لهزيمته. ⏎  ⏎ عندما ينخفض HP, تصبح ⏎ هجماته جريئة. استخدم ⏎ هجمات كبيرة لهزيمته ⏎ قبل أن يستخدم ⏎ هجمته المتفجرة.",meaning,2,تفادي إصابة اللاعب
jm,12011,"يستعيد HP للأعداء المحيطين. ⏎ استخدم دوس الشفاء بالتوقيت ⏎ الصحيح لشفاء الفريق. ⏎  ⏎ عند مهاجمته, قد يستدعي ⏎ المساعدة, فتأكد من هزيمته فورا.","يعيد HP للأعداء المحيطين. ⏎ استخدم دوس الشفاء بالتوقيت ⏎ الصحيح لشفاء الفريق. ⏎  ⏎ عند مهاجمته, قد يستدعي ⏎ المساعدة, فتأكد من هزيمته فورا.",grammar,2,إعادة HP للآخرين
jm,14052," ⏎ جهودي طوال هذه السنين ⏎ أثمرت, وأصبح العالم ⏎ الذي أحكمه جنة تستحق أن ⏎ تسمى ""الحديقة المضيئة"". ⏎  ⏎ تزهر الأزهار العطرة بوفرة, ⏎ تغذيها المياه النقية التي هي ⏎ مصدر الحياة, ويواجه الناس كل ⏎ يوم بابتسامات مفعمة بالأمل. ⏎  ⏎ لكن حيث يوجد النور, ⏎ يكمن الظلام أيضا. ⏎  ⏎ كما ذكرت في تقاريري السابقة, ⏎ يجب أن أحل لغز ""ظلام القلب"" ⏎ هذا. هذه الجنة تعتمد عليه. ⏎  ⏎ سأجري تجربة لسبر ⏎ أعماق قلب الإنسان. أحد ⏎ تلاميذي, زيهانورت, تطوع ⏎ ليكون موضوع التجربة. ⏎  ⏎ يخدمني هذا الشاب منذ ⏎ أن أنقذته من حافة ⏎ الموت قبل بضع سنين. ⏎  ⏎ كان قد فقد كل ذكرياته حينها, ⏎ لكنه أظهر لاحقا فضولا فكريا ⏎ لافتا واستوعب تعاليمي بسهولة, ⏎ واكتسب حكمة عميقة. أي عدم ⏎ نضج عقلي سببه حتما صغر سنه. ⏎  ⏎ إن استكشفت قلب زيهانورت ⏎ باختبارات نفسية, فقد أتمكن من ⏎ استعادة الماضي المحبوس بداخله. ⏎ تلميذي إيفن أظهر أيضا اهتماما ⏎ كبيرا بذكريات زيهانورت. ⏎  ⏎ لكن هل هو حقا الموضوع ⏎ المناسب? يظهر زيهانورت ⏎ بالفعل مواهب استثنائية... ⏎  ⏎ استثنائية أكثر من اللازم... ⏎ ربما هي حتى فوق بشرية. ⏎ "," ⏎ جهودي طوال هذه السنين ⏎ أثمرت, وأصبح العالم ⏎ الذي أحكمه جنة تستحق أن ⏎ تسمى ""الحديقة المضيئة"". ⏎  ⏎ تزهر الأزهار العطرة بوفرة, ⏎ تغذيها المياه النقية التي هي ⏎ مصدر الحياة, ويواجه الناس كل ⏎ يوم بابتسامات مفعمة بالأمل. ⏎  ⏎ لكن حيث يوجد النور, ⏎ يكمن الظلام أيضا. ⏎  ⏎ كما ذكرت في تقاريري السابقة, ⏎ يجب أن أحل لغز ""ظلام القلب"" ⏎ هذا. هذه الجنة تعتمد على حله. ⏎  ⏎ سأجري تجربة لسبر ⏎ أعماق قلب الإنسان. أحد ⏎ تلاميذي, زيهانورت, تطوع ⏎ ليكون الخاضع للتجربة. ⏎  ⏎ يخدمني هذا الشاب منذ ⏎ أن أنقذته من حافة ⏎ الموت قبل بضع سنين. ⏎  ⏎ كان قد فقد كل ذكرياته حينها, ⏎ لكنه أظهر لاحقا فضولا فكريا ⏎ لافتا واستوعب تعاليمي بسهولة, ⏎ واكتسب حكمة عميقة. أي عدم ⏎ نضج عقلي سببه حتما صغر سنه. ⏎  ⏎ إن استكشفت قلب زيهانورت ⏎ باختبارات نفسية, فقد أتمكن من ⏎ استعادة الماضي المحبوس بداخله. ⏎ تلميذي إيفن أظهر أيضا اهتماما ⏎ كبيرا بذكريات زيهانورت. ⏎  ⏎ لكن هل هو حقا الشخص ⏎ المناسب? يظهر زيهانورت ⏎ بالفعل مواهب استثنائية... ⏎  ⏎ استثنائية أكثر من اللازم... ⏎ ربما هي حتى فوق بشرية. ⏎ ",meaning,2,الشخص الخاضع لتجربة القلب
jm,14054," ⏎ لقد ارتكبت خطأ فادحا. ⏎  ⏎ بدأت دراستي عن ""ظلام ⏎ القلب"" باختبار نفسي ⏎ بسيط وتضخمت بسرعة. ⏎  ⏎ بدفع من تلميذي الأصغر ⏎ إينزو, بنيت مختبرا ⏎ ضخما في قبو قلعتي. ⏎  ⏎ دون علمي, بدأ تلاميذي الستة ⏎ بعدها بجمع عدد كبير من ⏎ الأشخاص لإجراء تجارب خطيرة ⏎ عليهم في ""ظلام القلب"". ⏎  ⏎ بمجرد أن علمت, استدعيت ⏎ تلاميذي وأمرتهم ⏎ ليس فقط بوقف دراساتهم, ⏎ بل بتدمير نتائج ⏎ أبحاثهم حتى الآن. ⏎  ⏎ ماذا كان يحدث بحق السماء ⏎ في قلوب تلاميذي الستة ⏎ الأعزاء? أثناء سعيهم وراء ⏎ لغز ظلام القلب, هل ضلوا ⏎ هم أنفسهم إلى أعماقه? ⏎  ⏎ ومع ذلك, أبقى أحمق الجميع, ⏎ لأنني بدأت هذه التجارب. ⏎  ⏎ لا يفترض بنا التدخل ⏎ في أعماق قلب شخص آخر, ⏎ مهما كانت أسبابنا... ⏎  ⏎ ودفعني خطئي إلى اليأس. ⏎  ⏎ زائر من عالم آخر ⏎ واسى روحي المحطمة. ⏎  ⏎ ملك صغير اسمه ميكي جاء يحمل ⏎ مفتاحا أسطوريا--""الكيبلايد"" ⏎ سيئ السمعة, الذي يقال إنه ⏎ يجلب الفوضى والازدهار للعالم. ⏎  ⏎ كان واسع المعرفة ⏎ بمواضيع كثيرة, وعمقنا ⏎ صداقتنا ونحن نتحدث بود. ⏎  ⏎ بناء على نصيحته, قررت مراجعة البيانات ⏎ التي حصلت عليها في مختبر القبو. ⏎  ⏎ عندها اكتشفت ⏎ ""تقارير أنسيم"". ⏎  ⏎ مع أنها تحمل اسمي, فإن ⏎ الوحيد الذي كتبته كان رقم 0. ⏎  ⏎ يبدو أنه واصل كتابة ⏎ الأرقام من 1 إلى 8 بنفسه. ⏎  ⏎ نعم--الموضوع الأول ⏎ في تجاربي الحمقاء. ⏎ "," ⏎ لقد ارتكبت خطأ فادحا. ⏎  ⏎ بدأت دراستي عن ""ظلام ⏎ القلب"" باختبار نفسي ⏎ بسيط وتضخمت بسرعة. ⏎  ⏎ بدفع من تلميذي الأصغر ⏎ إينزو, بنيت مختبرا ⏎ ضخما في قبو قلعتي. ⏎  ⏎ دون علمي, بدأ تلاميذي الستة ⏎ بعدها بجمع عدد كبير من ⏎ الأشخاص لإجراء تجارب خطيرة ⏎ عليهم في ""ظلام القلب"". ⏎  ⏎ بمجرد أن علمت, استدعيت ⏎ تلاميذي وأمرتهم ⏎ ليس فقط بوقف دراساتهم, ⏎ بل بتدمير نتائج ⏎ أبحاثهم حتى الآن. ⏎  ⏎ ماذا كان يحدث بحق السماء ⏎ في قلوب تلاميذي الستة ⏎ الأعزاء? أثناء سعيهم وراء ⏎ لغز ظلام القلب, هل ضلوا ⏎ هم أنفسهم إلى أعماقه? ⏎  ⏎ ومع ذلك, أبقى أحمق الجميع, ⏎ لأنني بدأت هذه التجارب. ⏎  ⏎ لا يفترض بنا التدخل ⏎ في أعماق قلب شخص آخر, ⏎ مهما كانت أسبابنا... ⏎  ⏎ ودفعني خطئي إلى اليأس. ⏎  ⏎ زائر من عالم آخر ⏎ واسى روحي المحطمة. ⏎  ⏎ ملك صغير اسمه ميكي جاء يحمل ⏎ مفتاحا أسطوريا--""الكيبلايد"" ⏎ سيئ السمعة, الذي يقال إنه ⏎ يجلب الفوضى والازدهار للعالم. ⏎  ⏎ كان واسع المعرفة ⏎ بمواضيع كثيرة, وعمقنا ⏎ صداقتنا ونحن نتحدث بود. ⏎  ⏎ بناء على نصيحته, قررت مراجعة البيانات ⏎ التي حصلت عليها في مختبر القبو. ⏎  ⏎ عندها اكتشفت ⏎ ""تقارير أنسيم"". ⏎  ⏎ مع أنها تحمل اسمي, فإن ⏎ الوحيد الذي كتبته كان رقم 0. ⏎  ⏎ يبدو أنه واصل كتابة ⏎ الأرقام من 1 إلى 8 بنفسه. ⏎  ⏎ نعم--الشخص الأول ⏎ في تجاربي الحمقاء. ⏎ ",phrasing,2,الإنسان الأول الخاضع للتجارب
jm,14058," ⏎ الأيام البعيدة التي قضيتها في تلك ⏎ الجنة الجميلة وهم بالنسبة لي الآن. ⏎  ⏎ كم مضى علي هنا, ⏎ منفيا في عالم العدم? ⏎  ⏎ بالاعتماد على غضبي ⏎ وكراهيتي فقط استطعت ⏎ الاحتفاظ بإحساسي بذاتي ⏎ هنا, حيث يبطل كل وجود. ⏎  ⏎ قلبي يغلبه الحقد على ⏎ تلاميذي, الذين تملكهم ⏎ الظلام, والغضب الذي أشعر به ⏎ لأنني سمحت بحماقة أن أخان. ⏎  ⏎ هل هذا هو الظلام الذي يأكل قلبي? ⏎  ⏎ لا أستطيع الاستمرار ⏎ في إضاعة وقتي هنا. ⏎  ⏎ ماذا يحاول زيهانورت ⏎ والآخرون فعله? ⏎  ⏎ يجب أن أفك لغز تقارير ⏎ أنسيم هذه, وأعترض ⏎ تلاميذي وأهزمهم. ⏎  ⏎ تلك مهمتي...الطريقة الوحيدة ⏎ لتكفير ذنوبي عن العالم. ⏎  ⏎ تلك الكائنات التي بلا قلوب--بلا ⏎ قلب--لا بد أنها المفتاح. ⏎  ⏎ ظلام القلب, متجسدا. ظلال ⏎ ملعونة لا تفتقر إلى القلوب ⏎ فحسب, بل تتكاثر بانتزاع ⏎ القلوب من كل الكائنات الحية. ⏎  ⏎ من أين جاءت, ⏎ وإلى أين تذهب? ⏎  ⏎ تجتمع ثلاثة عناصر لخلق ⏎ الحياة: قلب وروح وجسد. ⏎  ⏎ لكن ماذا عن الروح والجسد ⏎ المتروكين عندما يفقد القلب? ⏎  ⏎ عندما تغادر الروح الجسد, ⏎ وعاءها, تفسح الحياة المجال ⏎ للموت, لكن ماذا عن مغادرة القلب? ⏎  ⏎ الكائن لا يهلك عندما ⏎ يغادر قلبه جسده. القلب ⏎ وحده يختفي في الظلام. ⏎  ⏎ الوقت ضيق. ⏎  ⏎ إن بقيت في هذا العالم وقتا ⏎ أطول, فسأتعلم هذه الإجابات ⏎ حتما بالطريقة الصعبة. ⏎  ⏎ قلبي بالفعل ⏎ أسير للظلام. ⏎ "," ⏎ الأيام البعيدة التي قضيتها في تلك ⏎ الجنة الجميلة وهم بالنسبة لي الآن. ⏎  ⏎ كم مضى علي هنا, ⏎ منفيا في عالم العدم? ⏎  ⏎ بالاعتماد على غضبي ⏎ وكراهيتي فقط استطعت ⏎ الاحتفاظ بإحساسي بذاتي ⏎ هنا, حيث يبطل كل وجود. ⏎  ⏎ قلبي يغلبه الحقد على ⏎ تلاميذي, الذين تملكهم ⏎ الظلام, والغضب الذي أشعر به ⏎ لأنني سمحت بحماقة أن أخان. ⏎  ⏎ هل هذا هو الظلام الذي يأكل قلبي? ⏎  ⏎ لا أستطيع الاستمرار ⏎ في إضاعة وقتي هنا. ⏎  ⏎ ماذا يحاول زيهانورت ⏎ والآخرون فعله? ⏎  ⏎ يجب أن أفك لغز تقارير ⏎ أنسيم هذه, وأعترض ⏎ تلاميذي وأهزمهم. ⏎  ⏎ تلك مهمتي...الطريقة الوحيدة ⏎ لتعويض العالم عن ذنوبي. ⏎  ⏎ تلك الكائنات التي بلا قلوب--بلا ⏎ قلب--لا بد أنها المفتاح. ⏎  ⏎ ظلام القلب, متجسدا. ظلال ⏎ ملعونة لا تفتقر إلى القلوب ⏎ فحسب, بل تتكاثر بانتزاع ⏎ القلوب من كل الكائنات الحية. ⏎  ⏎ من أين جاءت, ⏎ وإلى أين تذهب? ⏎  ⏎ تجتمع ثلاثة عناصر لخلق ⏎ الحياة: قلب وروح وجسد. ⏎  ⏎ لكن ماذا عن الروح والجسد ⏎ المتروكين عندما يفقد القلب? ⏎  ⏎ عندما تغادر الروح الجسد, ⏎ وعاءها, تفسح الحياة المجال ⏎ للموت, لكن ماذا عن مغادرة القلب? ⏎  ⏎ الكائن لا يهلك عندما ⏎ يغادر قلبه جسده. القلب ⏎ وحده يختفي في الظلام. ⏎  ⏎ الوقت ضيق. ⏎  ⏎ إن بقيت في هذا العالم وقتا ⏎ أطول, فسأتعلم هذه الإجابات ⏎ حتما بالطريقة الصعبة. ⏎  ⏎ قلبي بالفعل ⏎ أسير للظلام. ⏎ ",grammar,1,تعويض العالم عن خطايا أنسيم
jm,14064," ⏎ بينما قد يجد الكائنات ⏎ المولودة من الظلام وفاقدو ⏎ القلوب ممرات الظلام ملائمة, ⏎ فإن استخدامها كثيرا خطير على ⏎ الآخرين. الظلام يأكل القلب. ⏎  ⏎ بحثا عن مكان لمواصلة ⏎ بحثي وتخطيطي بعيدا عن ⏎ الأعين المتطفلة, وجدت ⏎ نفسي في ""بلدة الشفق"". ⏎ إنها قرية هادئة, منسية ⏎ في الهوة بين النور ⏎ والظلام. استقررت في قبو ⏎ قصر مهجور يقف خلف الغابة. ⏎  ⏎ أسفر بحثي تحت الأرض عن ⏎ اكتشاف جديد تلو الآخر. ⏎  ⏎ عندما يولد بلا قلب, يولد ⏎ الجسد والروح المتروكان من جديد ⏎ في هذا العالم ككائن مختلف. ⏎  ⏎ لديهم نوايا مختلفة عن إخوتهم ⏎ بلا قلب, ومع أنه غير واضح ⏎ ما تسعى إليه هذه ""الأشياء"" ⏎ الواعية, فيبدو أنها مسؤولة عن ⏎ الكثير من الفوضى في العالم. ⏎  ⏎ صديقي السابق الملك ⏎ ورعاياه, مع بطل يحمل ⏎ الكيبلايد, يحاربون بلا قلب ⏎ حتى مع اقتراب تهديد جديد. ⏎  ⏎ هذا التهديد الجديد...أطلقوا على ⏎ أنفسهم اسما مناسبا, على ما أظن. ⏎  ⏎ هؤلاء اللا كائنات: ""اللا أحد"". ⏎  ⏎ فقد عدد كبير من اللا أحد ⏎ الهيئة البشرية, مثل بلا ⏎ قلب. لكن اللا أحد المولود من ⏎ شخص قوي القلب يحتفظ بشكله, ⏎ مع تغيرات لا ترى إلا بصعوبة. ⏎  ⏎ يبدو أن خونتي احتفظوا ⏎ بهيئاتهم البشرية كلا أحد, ⏎ ويجمعون المزيد من الأتباع ⏎ على أمل تنفيذ مخطط جديد. ⏎  ⏎ ""منظمة <X 5E>"", المكونة من 13 ⏎ لا أحد وخونتي في جوهرها, ⏎ انقسمت إلى قسمين; ويقال ⏎ إنهم ينفذون نوعا من البحث. ⏎  ⏎ ساعيا لكشف خطط هذه ⏎ المنظمة, قررت التوجه ⏎ إلى حيث اجتمع ستة من ⏎ أعضائها. يرتفع فوق ⏎ حدود عالم ما بين الظلام ⏎ والنور: قلعة النسيان. ⏎ "," ⏎ بينما قد تجد الكائنات ⏎ المولودة من الظلام وفاقدو ⏎ القلوب ممرات الظلام ملائمة, ⏎ فإن استخدامها كثيرا خطير على ⏎ الآخرين. الظلام يأكل القلب. ⏎  ⏎ بحثا عن مكان لمواصلة ⏎ بحثي وتخطيطي بعيدا عن ⏎ الأعين المتطفلة, وجدت ⏎ نفسي في ""بلدة الشفق"". ⏎ إنها قرية هادئة, منسية ⏎ في الهوة بين النور ⏎ والظلام. استقررت في قبو ⏎ قصر مهجور يقف خلف الغابة. ⏎  ⏎ أسفر بحثي تحت الأرض عن ⏎ اكتشاف جديد تلو الآخر. ⏎  ⏎ عندما يولد بلا قلب, يولد ⏎ الجسد والروح المتروكان من جديد ⏎ في هذا العالم ككائن مختلف. ⏎  ⏎ لديهم نوايا مختلفة عن إخوتهم ⏎ بلا قلب, ومع أنه غير واضح ⏎ ما تسعى إليه هذه ""الأشياء"" ⏎ الواعية, فيبدو أنها مسؤولة عن ⏎ الكثير من الفوضى في العالم. ⏎  ⏎ صديقي السابق الملك ⏎ ورعاياه, مع بطل يحمل ⏎ الكيبلايد, يحاربون بلا قلب ⏎ حتى مع اقتراب تهديد جديد. ⏎  ⏎ هذا التهديد الجديد...أطلقوا على ⏎ أنفسهم اسما مناسبا, على ما أظن. ⏎  ⏎ هؤلاء اللا كائنات: ""اللا أحد"". ⏎  ⏎ فقد عدد كبير من اللا أحد ⏎ الهيئة البشرية, مثل بلا ⏎ قلب. لكن اللا أحد المولود من ⏎ شخص قوي القلب يحتفظ بشكله, ⏎ مع تغيرات لا ترى إلا بصعوبة. ⏎  ⏎ يبدو أن خونتي احتفظوا ⏎ بهيئاتهم البشرية كلا أحد, ⏎ ويجمعون المزيد من الأتباع ⏎ على أمل تنفيذ مخطط جديد. ⏎  ⏎ ""منظمة <X 5E>"", المكونة من 13 ⏎ لا أحد وخونتي في جوهرها, ⏎ انقسمت إلى قسمين; ويقال ⏎ إنهم ينفذون نوعا من البحث. ⏎  ⏎ ساعيا لكشف خطط هذه ⏎ المنظمة, قررت التوجه ⏎ إلى حيث اجتمع ستة من ⏎ أعضائها. يرتفع فوق ⏎ حدود عالم ما بين الظلام ⏎ والنور: قلعة النسيان. ⏎ ",grammar,1,مطابقة الفعل مع الكائنات
jm,14066," ⏎ يبدو أنني انشغلت ⏎ كثيرا بتصرفات زيهانورت ⏎ ورفاقه, وبالأحداث ⏎ التي تجري حولهم. ⏎  ⏎ انتهى كفاح أصدقائي لحماية ⏎ عالم النور من تهديد ⏎ بلا قلب, مع هزيمة بلا قلب ⏎ زيهانورت--الذي يحمل اسم ⏎ أنسيم, باحث الظلام--أخيرا. ⏎  ⏎ حامل الكيبلايد الآخر, هذا ⏎ ""البطل"", سافر من عالم إلى ⏎ عالم يغلق ثقوب المفاتيح ⏎ ويطرح بلا قلب أرضا. ⏎  ⏎ في الأثناء, عمل الملك, ⏎ الذي غاص في عالم الظلام, مع ⏎ البطل حامل الكيبلايد لإغلاق ⏎ الباب إلى كينغدوم هارتس من ⏎ عالمي الظلام والنور, مانعا ⏎ بذلك تهديد الظلام الهائل. ⏎  ⏎ لكن لا يزال هناك عدد ⏎ كبير من بلا قلب في ⏎ الأرجاء, وما زالت منظمة <X 5E> ⏎ واللا أحد نشطين في الظل. ⏎  ⏎ حقا, العالم ما زال ⏎ مكانا خطيرا جدا. ⏎  ⏎ يجب أن نجد طريقة ⏎ لمحاربة هؤلاء الأعداء. ⏎  ⏎ وهكذا سأكفر عن ⏎ ذنبي وآخذ انتقامي. ⏎  ⏎ لهذا السبب تسللت ⏎ إلى قلعة النسيان. ⏎  ⏎ تتكون من 13 طابقا فوق ⏎ الأرض و12 طابقا تحتها, ⏎ ومحتويات ""غرفها البيضاء"" ⏎ تتحول استجابة لذكريات ⏎ زوارها. كانت منظمة <X 5E> تجري ⏎ تجارب على الذاكرة هنا. ⏎  ⏎ موضوع هذه التجارب, فتاة ⏎ اسمها ناميني, بدا أنها تملك ⏎ قدرات غير عادية للغاية. ⏎  ⏎ هل كانوا يحاولون استخلاص ⏎ شيء من هذه القوى? ⏎  ⏎ رافضا أن تشتتني منظمة ⏎ <X 5E>, كنت قد عدت إلى بحثي ⏎ السري عندما ظهر زائر ⏎ جديد في القلعة اليوم. ⏎  ⏎ كان سورا, البطل ⏎ حامل الكيبلايد الذي ⏎ هزم أنسيم, ورفاقه. ⏎  ⏎ في أعماق الأرض, ⏎ تصاعدت رائحة الظلام. ⏎  ⏎ كل اللاعبين يجتمعون ⏎ معا, على ما يبدو. ⏎ "," ⏎ يبدو أنني انشغلت ⏎ كثيرا بتصرفات زيهانورت ⏎ ورفاقه, وبالأحداث ⏎ التي تجري حولهم. ⏎  ⏎ انتهى كفاح أصدقائي لحماية ⏎ عالم النور من تهديد ⏎ بلا قلب, مع هزيمة بلا قلب ⏎ زيهانورت--الذي يحمل اسم ⏎ أنسيم, باحث الظلام--أخيرا. ⏎  ⏎ حامل الكيبلايد الآخر, هذا ⏎ ""البطل"", سافر من عالم إلى ⏎ عالم يغلق ثقوب المفاتيح ⏎ ويطرح بلا قلب أرضا. ⏎  ⏎ في الأثناء, عمل الملك, ⏎ الذي غاص في عالم الظلام, مع ⏎ البطل حامل الكيبلايد لإغلاق ⏎ الباب إلى كينغدوم هارتس من ⏎ عالمي الظلام والنور, مانعا ⏎ بذلك تهديد الظلام الهائل. ⏎  ⏎ لكن لا يزال هناك عدد ⏎ كبير من بلا قلب في ⏎ الأرجاء, وما زالت منظمة <X 5E> ⏎ واللا أحد نشطين في الظل. ⏎  ⏎ حقا, العالم ما زال ⏎ مكانا خطيرا جدا. ⏎  ⏎ يجب أن نجد طريقة ⏎ لمحاربة هؤلاء الأعداء. ⏎  ⏎ وهكذا سأكفر عن ⏎ ذنبي وآخذ انتقامي. ⏎  ⏎ لهذا السبب تسللت ⏎ إلى قلعة النسيان. ⏎  ⏎ تتكون من 13 طابقا فوق ⏎ الأرض و12 طابقا تحتها, ⏎ ومحتويات ""غرفها البيضاء"" ⏎ تتحول استجابة لذكريات ⏎ زوارها. كانت منظمة <X 5E> تجري ⏎ تجارب على الذاكرة هنا. ⏎  ⏎ الخاضعة لهذه التجارب, فتاة ⏎ اسمها ناميني, بدا أنها تملك ⏎ قدرات غير عادية للغاية. ⏎  ⏎ هل كانوا يحاولون استخلاص ⏎ شيء من هذه القوى? ⏎  ⏎ رافضا أن تشتتني منظمة ⏎ <X 5E>, كنت قد عدت إلى بحثي ⏎ السري عندما ظهر زائر ⏎ جديد في القلعة اليوم. ⏎  ⏎ كان سورا, البطل ⏎ حامل الكيبلايد الذي ⏎ هزم أنسيم, ورفاقه. ⏎  ⏎ في أعماق الأرض, ⏎ تصاعدت رائحة الظلام. ⏎  ⏎ كل اللاعبين يجتمعون ⏎ معا, على ما يبدو. ⏎ ",phrasing,2,ناميني خاضعة للتجارب
jm,14068," ⏎ كان يجب أن أتوقع ما لا يقل ⏎ عن ذلك من بطل يحمل الكيبلايد. ⏎  ⏎ تحدى سورا وأصدقاؤه مكائد ⏎ منظمة <X 5E> وأنقذوا ناميني. ⏎  ⏎ كانت ناميني ساحرة تتحكم ⏎ في ذكريات الآخرين. ⏎  ⏎ على الأرجح اكتسبت ⏎ هذه القوى عبر عملية ⏎ خاصة عند ولادتها. ⏎  ⏎ ناميني لا أحد, خلق عندما ⏎ غادر قلب فتاة صغيرة جسدها. ⏎  ⏎ ومع ذلك ليس لها بلا قلب مقابل. ⏎  ⏎ وذلك لأن ""الفتاة الصغيرة"" ⏎ في هذه الحالة كانت أميرة. ⏎  ⏎ كايري, من سكان الحديقة ⏎ المضيئة التي حكمتها, ⏎ كانت إحدى الأميرات السبع ⏎ اللواتي يدعمن عالم النور. ⏎  ⏎ بلا ظلام في قلبها, لم ⏎ تنتج كايري بلا قلب, ⏎ وبدلا من أن يختفي جسدها, ⏎ بقي في عالم النور. ⏎  ⏎ بعبارة أخرى, كل من اللا أحد ⏎ المسمى ناميني وبلا قلب--دليل ⏎ القلب المفقود--كائنان غير ⏎ مستقرين للغاية يفتقران إلى ⏎ الأجساد اللازمة لإنتاج لا أحد. ⏎ لذلك أيضا يفتقران إلى ذكريات ⏎ كايري. أحد الأسباب قد يكون أن ⏎ قلب كايري لم يعد إلى الظلام عند ⏎ انفصاله عن جسدها, بل هاجر إلى ⏎ وعاء آخر...في أعماق قلب سورا. ⏎  ⏎ أي أن ناميني هي الذات ⏎ البديلة لكايري التي ⏎ تدخلت مباشرة في قلب سورا. ⏎ هل هذا هو السبب في تمكن ⏎ سورا ومن ترتبط قلوبهم ⏎ به من التحكم في ذكرياتهم? ⏎  ⏎ هي ""لا كائن"" بأصدق معنى ⏎ للكلمة; لم تصبح حتى لا أحد ⏎ حقيقيا وليس لديها مكان تذهب ⏎ إليه, إنها أعبر الظلال. ⏎ "," ⏎ كان يجب أن أتوقع ما لا يقل ⏎ عن ذلك من بطل يحمل الكيبلايد. ⏎  ⏎ تحدى سورا وأصدقاؤه مكائد ⏎ منظمة <X 5E> وأنقذوا ناميني. ⏎  ⏎ كانت ناميني ساحرة تتحكم ⏎ في ذكريات الآخرين. ⏎  ⏎ على الأرجح اكتسبت ⏎ هذه القوى عبر عملية ⏎ خاصة عند ولادتها. ⏎  ⏎ ناميني لا أحد, خلق عندما ⏎ غادر قلب فتاة صغيرة جسدها. ⏎  ⏎ ومع ذلك ليس لها بلا قلب مقابل. ⏎  ⏎ وذلك لأن ""الفتاة الصغيرة"" ⏎ في هذه الحالة كانت أميرة. ⏎  ⏎ كايري, من سكان الحديقة ⏎ المضيئة التي حكمتها, ⏎ كانت إحدى الأميرات السبع ⏎ اللواتي يدعمن عالم النور. ⏎  ⏎ بلا ظلام في قلبها, لم ⏎ تنتج كايري بلا قلب, ⏎ وبدلا من أن يختفي جسدها, ⏎ بقي في عالم النور. ⏎  ⏎ بعبارة أخرى, كل من اللا أحد ⏎ المسمى ناميني وبلا قلب--دليل ⏎ القلب المفقود--كائنان غير ⏎ مستقرين للغاية يفتقران إلى ⏎ الأجساد اللازمة لإنتاج لا أحد. ⏎ لذلك أيضا يفتقران إلى ذكريات ⏎ كايري. أحد الأسباب قد يكون أن ⏎ قلب كايري لم يعد إلى الظلام عند ⏎ انفصاله عن جسدها, بل هاجر إلى ⏎ وعاء آخر...في أعماق قلب سورا. ⏎  ⏎ أي أن ناميني هي الذات ⏎ البديلة لكايري التي ⏎ تدخلت مباشرة في قلب سورا. ⏎ هل هذا سبب التحكم في ذكريات ⏎ سورا ومن ترتبط قلوبهم ⏎ به? ⏎  ⏎ هي ""لا كائن"" بأصدق معنى ⏎ للكلمة; لم تصبح حتى لا أحد ⏎ حقيقيا وليس لديها مكان تذهب ⏎ إليه, إنها أسرع الظلال زوالا. ⏎ ",meaning,3,ناميني تتحكم بذكرياتهم
jm,14782,"منظمة <X 5E>, العضو <X 5C>. ⏎ استخدم نوعا من الآلات ⏎ يسمى ""السيتار"" للتحكم ⏎ في الماء...لكنه لم ⏎ يكن بارعا في القتال. ⏎  ⏎ كان ديميكس مأمورا ⏎ بتحرير طبيعة سورا ⏎ الحقيقية"" أثناء ⏎ استطلاع عالم أولمبيا.","منظمة <X 5E>, العضو <X 5C>. ⏎ استخدم نوعا من الآلات ⏎ يسمى ""السيتار"" للتحكم ⏎ في الماء...لكنه لم ⏎ يكن بارعا في القتال. ⏎  ⏎ كان ديميكس مأمورا ⏎ بتحرير طبيعة سورا ⏎ الحقيقية أثناء ⏎ استطلاع عالم أولمبيا.",grammar,1,حذف علامة اقتباس غير مقابلة
jm,17924,"صديقة ريكو وسورا منذ الطفولة, ⏎ وإحدى الأميرات السبع المرتبطات ⏎ بالمفاتيح وثقوب المفاتيح. ⏎  ⏎ كانت قد فقدت ذكرياتها ⏎ عن سورا, وبعد عودتهم, ⏎ أرادت رؤيته أكثر ⏎ فأكثر مع كل يوم يمر. ⏎  ⏎ بسقوطها عبر ثقب غير ⏎ متوقع في الظلام, وصلت ⏎ إلى بلدة الشفق وصادقت ⏎ هاينر وبنس وأوليت ⏎ قبل أن يأسرها آكسل. ⏎  ⏎ كايري تأمل بحرارة في ⏎ لقاء سورا مرة أخرى.","صديقة ريكو وسورا منذ الطفولة, ⏎ وإحدى الأميرات السبع المرتبطات ⏎ بالمفاتيح وثقوب المفاتيح. ⏎  ⏎ كانت قد فقدت ذكرياتها ⏎ عن سورا, وبعد عودتها, ⏎ أرادت رؤيته أكثر ⏎ فأكثر مع كل يوم يمر. ⏎  ⏎ بسقوطها عبر ثقب غير ⏎ متوقع في الظلام, وصلت ⏎ إلى بلدة الشفق وصادقت ⏎ هاينر وبنس وأوليت ⏎ قبل أن يأسرها آكسل. ⏎  ⏎ كايري تأمل بحرارة في ⏎ لقاء سورا مرة أخرى.",grammar,2,عودة الذكريات لا عودة الأصدقاء
jm,18260,"أنا وهاينر على وفاق على ⏎ الأقل, لكن ما حدث بالأمس أفسد ⏎ الأمور بيننا نوعا ما. ومع ⏎ ذلك, البطولة على وشك أن تبدأ.","أنا وهاينر نتحدث على ⏎ الأقل, لكن ما حدث بالأمس أفسد ⏎ الأمور بيننا نوعا ما. ومع ⏎ ذلك, البطولة على وشك أن تبدأ.",meaning,2,دقة حالة العلاقة بين الصديقين
jm,18291,ادخل أعمق نواة في القصر!,ادخل أعمق جزء في القصر!,phrasing,1,تجنب الترجمة الحرفية للنواة
title,20841,البطل الذي أنقذ اليوم,البطل الذي أنقذ الموقف,meaning,2,تصحيح تعبير إنقاذ الموقف
title,21131,دخول البيانات,عرض البيانات,phrasing,1,توضيح الوصول إلى البيانات
title,21215,القبطان إليزابيث,القبطانة إليزابيث,grammar,1,تأنيث لقب إليزابيث
gumi,16643,"يمكنك إعادة تشكيل غامي المادة ⏎ الموضوع مسبقا. وبذلك, ⏎ ستتغير المعاملات أيضا. ⏎  ⏎ -<03> إعادة التشكيل إلى ثلاثة أنواع<07 00 F0 F0 80> ⏎ <03>الحواف<07 80 80 F0 80> ⏎   سيعاد تشكيل غامي المادة المحدد ⏎   إلى غامي مشطوف. ⏎ <03>المنحنيات<07 80 80 F0 80> ⏎   سيعاد تشكيل غامي المادة المحدد ⏎   إلى غامي منحني. ⏎ <03>النقاط<07 80 80 F0 80> ⏎   سيحصل غامي المادة المحدد على ⏎   نقطة في اتجاه معين.","يمكنك إعادة تشكيل غامي المادة ⏎ الموضوع مسبقا. وبذلك, ⏎ ستتغير المعاملات أيضا. ⏎  ⏎ -<03> إعادة التشكيل إلى ثلاثة أنواع<07 00 F0 F0 80> ⏎ <03>الحواف<07 80 80 F0 80> ⏎   سيعاد تشكيل غامي المادة المحدد ⏎   إلى غامي مشطوف. ⏎ <03>المنحنيات<07 80 80 F0 80> ⏎   سيعاد تشكيل غامي المادة المحدد ⏎   إلى غامي منحني. ⏎ <03>النقاط<07 80 80 F0 80> ⏎   سيحصل غامي المادة المحدد على ⏎   طرف مدبب في اتجاه معين.",meaning,2,توضيح الطرف المدبب للقطعة
gumi,16647,"يجب حفظ سفينة الغامي المكتملة ⏎ ك<03>مخطط أصلي<07 80 80 F0 80> في <03>حفظ المخطط<07 80 80 F0 80> في ⏎ القائمة العليا وإلا <03>لا يمكن استخدامها.<07 F0 F0 00 80> بحفظ ⏎ المخططات, تستطيع الطيران ⏎ بسفن الغامي هذه وإعادة تحريرها. ⏎  ⏎ <07 F0 F0 00 80>لكن <03>سفن الغامي التي<07 F0 F0 00 80> ⏎ <03>تجاوزت تكلفتها لا يمكن حفظها<03>.<07 F0 F0 00 80> ⏎  ⏎ -<03> احفظ عند نقاط الحفظ<07 00 F0 F0 80> ⏎ سيتم حفظ كتل الغامي وبيانات المخطط ⏎ عند الحفظ في <03>نقطة حفظ.<07 F0 F0 00 80> لن تحفظ ⏎ هذه المعلومات بمجرد اختيار ⏎ حفظ المخطط.<07 80 80 F0 80>","يجب حفظ سفينة الغامي المكتملة ⏎ ك<03>مخطط أصلي<07 80 80 F0 80> في <03>حفظ المخطط<07 80 80 F0 80> في ⏎ القائمة العليا وإلا <03>لا يمكن استخدامها.<07 F0 F0 00 80> بحفظ ⏎ المخططات, تستطيع الطيران ⏎ بسفن الغامي هذه وإعادة تحريرها. ⏎  ⏎ <07 F0 F0 00 80>لكن <03>سفن الغامي التي<07 F0 F0 00 80> ⏎ <03>تجاوزت حد تكلفتها لا يمكن حفظها<03>.<07 F0 F0 00 80> ⏎  ⏎ -<03> احفظ عند نقاط الحفظ<07 00 F0 F0 80> ⏎ سيتم حفظ كتل الغامي وبيانات المخطط ⏎ عند الحفظ في <03>نقطة حفظ.<07 F0 F0 00 80> لن تحفظ ⏎ هذه المعلومات بمجرد اختيار ⏎ حفظ المخطط.<07 80 80 F0 80>",phrasing,1,ذكر حد التكلفة بوضوح
gumi,18491,<03>مهام المستوى 2 هي <03><0B 62>ضربات الأعداء<0B 62><03>.<07 F0 F0 00 80><0B 62> ⏎ دمر عدد السفن المحدد!,<03>مهام المستوى 2 هي <03><0B 62>تدمير الأعداء<0B 62><03>.<07 F0 F0 00 80><0B 62> ⏎ دمر عدد السفن المحدد!,meaning,2,المهمة لتدمير الأعداء لا تلقي ضرباتهم
gumi,18633,"يمكنك إزاحة موضع الغامي ⏎ الموضوع مسبقا أو إزالته ⏎ ككتل. مع <03>تعديل,<07 80 80 F0 80> هناك عدة ⏎ أمور تستطيع فعلها. ⏎  ⏎   إزاحة موضع كتلة غامي. ⏎   تغيير اتجاه كتلة غامي. ⏎   إزالة كتل الغامي ككتل. ⏎  ⏎ -<03> إن أخطأت<07 00 F0 F0 80>... ⏎ إن فعلت شيئا ندمت عليه بالخطأ, ⏎ كإزالة مجموعة كتل غامي, ⏎ <07 F0 F0 00 80>اضغط <09 E1> أو اختر <03>تراجع<07 80 80 F0 80> ل<03>الإلغاء<07 F0 F0 00 80> ⏎ والإعادة<03>.<07 F0 F0 00 80>","يمكنك إزاحة موضع الغامي ⏎ الموضوع مسبقا أو إزالته ⏎ ككتل. مع <03>تعديل,<07 80 80 F0 80> هناك عدة ⏎ أمور تستطيع فعلها. ⏎  ⏎   إزاحة موضع كتلة غامي. ⏎   تغيير اتجاه كتلة غامي. ⏎   إزالة كتل الغامي ككتل. ⏎  ⏎ -<03> إن أخطأت<07 00 F0 F0 80>... ⏎ إن فعلت شيئا ندمت عليه بالخطأ, ⏎ كإزالة مجموعة كتل غامي, ⏎ <07 F0 F0 00 80>اضغط <09 E1> أو اختر <03>تراجع<07 80 80 F0 80> ل<03>لإلغاء<07 F0 F0 00 80> ⏎ والإعادة<03>.<07 F0 F0 00 80>",grammar,1,تصحيح حرف الجر قبل الإلغاء
