bar,id,AR_old,AR_new,reason,term
hb,2958,بإظ!,دي تي دي!,قرار المسرد يزيد 5 أحرف والحد 2,DTD
hb,12536,أعرف! لندخل إلى باب الظلام!,أعرف! لندخل إلى دي تي دي!,قرار المسرد يطبق مع بقية صفوف المصطلح,DTD
jm,19195,"تسلسل الهجوم ⏎  غوفي الدوار ⏎    ⤷غوفي الدوار 2 ⏎       ⤷غوفي الدوار 3 ⏎  ⏎ ملاحظات: ⏎ غوفي الدوار وغوفي الدوار ⏎ 2 يطلقان ضربات كثيرة ⏎ لكن مداهما الهجومي صغير. ⏎ اقترب من العدو قبل الهجوم. ⏎  ⏎ غوفي الدوار 3 يمكن تنفيذه ⏎ أثناء الحركة, فتأكد من الإمساك ⏎ بالأعداء المحيطين أيضا. ⏎  ⏎ نفذ الهجمات بسرعة, ⏎ وإلا سيلغى الليميت!","تسلسل الهجوم ⏎  غوفي الدوار ⏎    ⤷غوفي الدوار را ⏎       ⤷غوفي الدوار غا ⏎  ⏎ ملاحظات: ⏎ غوفي الدوار وغوفي الدوار ⏎ را يطلقان ضربات كثيرة ⏎ لكن مداهما الهجومي صغير. ⏎ اقترب من العدو قبل الهجوم. ⏎  ⏎ غوفي الدوار غا يمكن تنفيذه ⏎ أثناء الحركة, فتأكد من الإمساك ⏎ بالأعداء المحيطين أيضا. ⏎  ⏎ نفذ الهجمات بسرعة, ⏎ وإلا سيلغى الليميت!",قرار المسرد يطبق مع بقية صفوف المصطلح,Whirli-Goof / -ra / -ga
mu,4188,"كنتم تعلمون, أليس كذلك?<14 73 00><10>أن بينغ في الحقيقة ⏎ امرأة متنكرة.","كنتم تعلمون, أليس كذلك?<14 73 00><10>علمتم أن بينغ في الحقيقة ⏎ امرأة متنكرة.",يزيد 6 أحرف والحد 5,
sys,732,الباب الخلفي,البوابة الخلفية,قرار المسرد يزيد 3 أحرف والحد 2,Postern
sys,1176,دور غوفي,غوفي الدوار,قرار المسرد يزيد 3 أحرف والحد 2,Whirli-Goof / -ra / -ga
sys,1177,دور غوفي را,غوفي الدوار را,قرار المسرد يزيد 3 أحرف والحد 2,Whirli-Goof / -ra / -ga
sys,1178,دور غوفي جا,غوفي الدوار غا,قرار المسرد يزيد 3 أحرف والحد 2,Whirli-Goof / -ra / -ga
sys,13116,أمر ليميت يطلق هجوم غوفي ⏎ الدوران دور غوفي. ⏎ يستهلك كل MP لسورا.,أمر ليميت يطلق هجوم ⏎ غوفي الدوار. ⏎ يستهلك كل MP لسورا.,قرار المسرد يطبق مع بقية صفوف المصطلح,Whirli-Goof / -ra / -ga
sys,14110,آلي,تلقائي,قرار المسرد يزيد 3 أحرف والحد 2,Auto
sys,14625,برمجة,إعادة البرمجة,قرار المسرد يزيد 8 أحرف والحد 2,Reprogram
sys,14910,يزيد أقصى AP هائلا.,يزيد أقصى AP زيادة هائلة.,يزيد 6 أحرف والحد 2,
sys,16941,الهرس,الانزلاق,قرار المسرد يزيد 3 أحرف والحد 2,Grind
sys,17154,آلي,تلقائي,قرار المسرد يزيد 3 أحرف والحد 2,Auto
sys,17239,الهجوم الآلي,الهجوم التلقائي,قرار المسرد يزيد 3 أحرف والحد 2,Auto
sys,18066,سورا: ⏎ المصاعد معطلة من إم سي بي!,سورا: ⏎ المصاعد معطلة من برنامج التحكم الرئيسي!,قرار المسرد يزيد 13 أحرف والحد 3,MCP
sys,20624,يرفع مقدار AP الأقصى هائلا.,يرفع مقدار AP الأقصى رفعا هائلا.,يزيد 5 أحرف والحد 2,
tt,12251,صباحا.,صباح الخير.,يزيد 5 أحرف والحد 2,
tt,13772,إذن بخير! سأراه من جديد!,إذن هو بخير! سأراه من جديد!,يزيد 3 أحرف والحد 2,
tt,13787,آها<13 DB 00 3B 00><08 01 00 05>! ⏎ علمت!,آها<13 DB 00 3B 00><08 01 00 05>! ⏎ كنت أعلم!,يزيد 4 أحرف والحد 2,
tt,19004,أنا... آخر<13 1B 01 39 00><08 01 00 05>?,نسخة أخرى مني<13 1B 01 39 00><08 01 00 05>?,يزيد 3 أحرف والحد 2,
wm,18554,الهبوط في المئة فدان,الهبوط في غابة المئة فدان,قرار المسرد يزيد 5 أحرف والحد 2,100 Acre Wood
