bar,id,AR_old,AR_new,type,severity,reason
tt,13221,شكرا لك<13 AB 00 3B 00><08 01 01 06> ⏎ يا حبيبتي.<10>ماذا أخذوا ⏎ منك?,شكرا لك<13 AB 00 3B 00><08 01 01 06> ⏎ يا سيدتي.<10>ماذا أخذوا ⏎ منك?,meaning,2,ma'am تعني سيدتي لا حبيبتي
tt,13226,أتساءل لو كان سايفر<13 24 01 60 00><08 01 00 05> ⏎ يعرف شيئا عن هذا.,أتساءل إن كان سايفر<13 24 01 60 00><08 01 00 05> ⏎ يعرف شيئا عن هذا.,grammar,1,التساؤل يأتي بإن لا لو
tt,13238,"إن انحنأت على ركبتيك وتوسلت, ⏎ ربما أسامحك.","إن انحنيت على ركبتيك وتوسلت, ⏎ ربما أسامحك.",spelling,2,الفعل انحنى يصير انحنيت
tt,13250,"الأشداء ينتصرون, تعرف?","الصالحون ينتصرون, تعرف?",meaning,2,righteous تعني الصالحين لا الأشداء
tt,13266,لا كثير للقول. ⏎ الصور كانت ملقاة هناك فحسب.,لا شيء يذكر. ⏎ الصور كانت ملقاة هناك فحسب.,phrasing,1,ترجمة حرفية غير سليمة
tt,13267,فكيف نثبت أننا لم ⏎ كنا من أخذها?,فكيف نثبت أننا لم ⏎ نكن من أخذها?,grammar,2,لم تجزم المضارع نكن
tt,13273,أتقول أن سايفر لم ⏎ يكن يلومنا في كل مكان?,أتقول إن سايفر لم ⏎ يكن يتهمنا في كل مكان?,grammar,2,سايفر اتهمهم بالسرقة وليس مجرد لوم
tt,13311,"و...<14 1E 00><10>فرصة لمواجهة بطلنا ⏎ الدافع عن اللقب, سيتزر!","و...<14 1E 00><10>فرصة لمواجهة بطلنا ⏎ المدافع عن اللقب, سيتزر!",spelling,2,المدافع عن اللقب لا الدافع
tt,13331,"ووف, انظر تلك الشرر!<14 A8 00><10>أظن أن سايفر لم يتوقع ⏎ أن يقاتل أحد أتباعه!","ووف, انظر إلى ذلك الشرر!<14 A8 00><10>أظن أن سايفر لم يتوقع ⏎ أن يقاتل أحد أتباعه!",grammar,2,انظر تتعدى بإلى والشرر مذكر
tt,13334,أنا... لست متأكد ماذا حدث للتو...,أنا... لست متأكدا ماذا حدث للتو...,grammar,2,خبر ليس منصوب
tt,13340,إذن أنا ثالثا الآن?<14 64 00><10> <14 14 00><10>يا ولدي!,إذن أنا الثالث الآن?<14 64 00><10> <14 14 00><10>يا سلام!,grammar,2,العبارة تعجب فرح وليس نداء ولد
tt,13350,"هذه المدينة صنعه, أليس كذلك?<14 A3 00><10> <14 14 00><10>وهذا يعني أننا بلا وقت ⏎ لأسئلة وأجوبة.<14 A5 00><10> <14 17 00><10>ستأتي معي, ⏎ واعيا أو لا.<14 A6 00><10>ثم ستسمع القصة.","هذه المدينة من صنعه, أليس كذلك?<14 A3 00><10> <14 14 00><10>وهذا يعني أننا بلا وقت ⏎ لأسئلة وأجوبة.<14 A5 00><10> <14 17 00><10>ستأتي معي, ⏎ واعيا أو لا.<14 A6 00><10>ثم ستسمع القصة.",grammar,2,تحتاج من صنعه
tt,13354,"حسنا, اذن!<14 55 00><10>أنت الراغب!","حسنا, إذن!<14 55 00><10>أنت طلبت ذلك!",spelling,2,توضيح وعيد أنت من طلب هذا
tt,13370,"أنتما اللاعمان, نزاهة فقط. ⏎ أنتما في قمة الجدول.",العبا بنزاهة الآن. ⏎ أنتما في قمة الجدول.,spelling,2,تحويل الترجمة إلى طلب لعب نزيه
tt,13377,"روكساس, بطلنا المغمور, ضد سيتزر, ⏎ بطلنا المدافع عن اللقب!<14 0E 01><10> <14 1B 00><10>الفائز في هذه المباراة سيكون ⏎ البطل الحقيقي!<14 B4 00><10> <14 16 00><10>ستكون أمامه مجاملات سنة, أيها الجمهور!","روكساس, بطلنا المغمور, ضد سيتزر, ⏎ بطلنا المدافع عن اللقب!<14 0E 01><10> <14 1B 00><10>الفائز في هذه المباراة سيكون ⏎ البطل الحقيقي!<14 B4 00><10> <14 16 00><10>سيحق له التباهي سنة كاملة, أيها الجمهور!",meaning,2,bragging rights حق التباهي لا مجاملات
tt,13415,"ولكن يا لله, إنه كان قريبا!","ولكن يا لله, كان ذلك وشيكا!",meaning,2,المقصود نجاة وشيكة لا قرب المكان
tt,13418,"أنت الرابح. سنقوم بالواجب.<14 91 00><10>الدراسة المستقلة الغبية.<14 6F 00><10> <14 0A 00><10>إذن, لدى أحد فكرة جيدة لعنوان?","أنت الرابح. سنقوم بالواجب.<14 91 00><10>الدراسة المستقلة الغبية.<14 6F 00><10> <14 0A 00><10>إذن, هل لدى أحد فكرة جيدة لعنوان?",grammar,2,السؤال يحتاج هل
tt,13421,لما?,لماذا?,spelling,2,لما ليست أداة استفهام هنا
tt,13422,"أتعلم, الأمور غريبة ⏎ معك و مع المدينة<14 9A 00><10> <14 0A 00><10>منذ سرقة الصور, أليس كذلك?","أتعلم, الأمور غريبة ⏎ معك ومع المدينة<14 9A 00><10> <14 0A 00><10>منذ سرقة الصور, أليس كذلك?",spelling,1,واو العطف تتصل بما بعدها
tt,13429,"نستخدمه دائما<13 B5 00 51 00><06 01><08 01 01 06>, ⏎ من دون أن نفكر فيه.<10>لكن-- وهذه ⏎ الغريبة--<10>الدرج يعد مختلفا ⏎ صعودا ونزولا!","نستخدمه دائما<13 B5 00 51 00><06 01><08 01 01 06>, ⏎ من دون أن نفكر فيه.<10>لكن-- وهذا ⏎ الغريب--<10>عدد الدرجات يختلف ⏎ صعودا ونزولا!",grammar,2,توضيح اختلاف عدد الدرجات صعودا ونزولا
