path,sha256
DBGHELP.dll,ea8eb87b45194927898e3084aecb5f36d3b4c1e2bfd7262b85c11d3e603b52ea
dependencies\avcodec-vgmstream-59.dll,4d6cf54e7b3c26ef06e95bdb515a10d1e1bed3ec1ffd87ec3e5c4fbcd2a883f6
dependencies\avformat-vgmstream-59.dll,0dde66ea268cccb67b1aa219c1ce879602b839e561a79a00c8215e2688f1a4b2
dependencies\avutil-vgmstream-57.dll,a999856c17cfdce3c22b92b6640a7ada6c4ab4c3c6841a863770b72fa0bc19b4
dependencies\bass.dll,4bbb323f48fa7ea549abd59ecfc30e71b574d20f52e295b7e3ebf19f07f53efe
dependencies\bass_vgmstream.dll,1612c3500436302e0fc3c6e9b1f359c8d38f52304c59d2ae0aeadd12207caabc
dependencies\libatrac9.dll,fe82f1ae13a798337e03942c35351997c23caadb5eb0c6b7a2dc2a521ed8b02e
dependencies\libcelt-0061.dll,542254723d9100f91cbf18e41c4aff80287c22a9859e9e545c413d984df440ad
dependencies\libcelt-0110.dll,bfcc51d865bb3b6a2793381bf535f23ec423feb722b46333fa8556ccdcafa61a
dependencies\libg719_decode.dll,aad61f205ce1f1b61285f6b37b90a331ec8c6ae2f94f361714dc21a12c236960
dependencies\libmpg123-0.dll,db9eb1d91b8eb9f47b0968201dbf6c51a9627e539a78afd9ad5f59c5d18fe4df
dependencies\libspeex-1.dll,04dbc85fcec6c54671535bf39937a70f2dd040a81ad670a0b84de6ca17b39bff
dependencies\libvorbis.dll,5f330a20b19b3c70dc43eedcc95891e65940fca04a77155c573efcdd4c2ca665
dependencies\swresample-vgmstream-4.dll,688a81d31ef98a9a6143e1075b2f4c5b79bdfa51e7a14d50d662a0e916dac739
